feature_name,category,status,bin_definition,train_q1,train_q2,train_q3,bin,total_A1_n,success_n,failed_breakout_n,success_rate,failed_breakout_rate,task_id,source_canonical_head,source_baseline_head,frozen_spec_hash,dataset_authority
reference_gap_pct,BREAKOUT_PROXIMITY,AVAILABLE,fixed DEVELOPMENT_AVAILABLE quartiles Q1-Q4; no cutoff search,0.009603846153846154,0.01804939344109708,0.023992010652463383,Q1,166,87,66,0.5686274509803921,0.43137254901960786,TASK-WS3-CORE-V0-A1-EX-ANTE-SUCCESS-VS-FAILED-BREAKOUT-DISCRIMINATION-RESEARCH-20260818,3ab70b612cbb30335b43a5650d145488f9e8b2c1,9ca9ba4f15359aa5ea96ba4c3d6bed9439d0346e,6e4cc504f969098e263cfa8e7c43240e9575a3f72f0641ba39da22794ea9870d,canonical Postgres historical read model via read_historical_bars; REC-A1 event dataset preserved
reference_gap_pct,BREAKOUT_PROXIMITY,AVAILABLE,fixed DEVELOPMENT_AVAILABLE quartiles Q1-Q4; no cutoff search,0.009603846153846154,0.01804939344109708,0.023992010652463383,Q2,178,106,58,0.6463414634146342,0.35365853658536583,TASK-WS3-CORE-V0-A1-EX-ANTE-SUCCESS-VS-FAILED-BREAKOUT-DISCRIMINATION-RESEARCH-20260818,3ab70b612cbb30335b43a5650d145488f9e8b2c1,9ca9ba4f15359aa5ea96ba4c3d6bed9439d0346e,6e4cc504f969098e263cfa8e7c43240e9575a3f72f0641ba39da22794ea9870d,canonical Postgres historical read model via read_historical_bars; REC-A1 event dataset preserved
reference_gap_pct,BREAKOUT_PROXIMITY,AVAILABLE,fixed DEVELOPMENT_AVAILABLE quartiles Q1-Q4; no cutoff search,0.009603846153846154,0.01804939344109708,0.023992010652463383,Q3,175,98,37,0.725925925925926,0.2740740740740741,TASK-WS3-CORE-V0-A1-EX-ANTE-SUCCESS-VS-FAILED-BREAKOUT-DISCRIMINATION-RESEARCH-20260818,3ab70b612cbb30335b43a5650d145488f9e8b2c1,9ca9ba4f15359aa5ea96ba4c3d6bed9439d0346e,6e4cc504f969098e263cfa8e7c43240e9575a3f72f0641ba39da22794ea9870d,canonical Postgres historical read model via read_historical_bars; REC-A1 event dataset preserved
reference_gap_pct,BREAKOUT_PROXIMITY,AVAILABLE,fixed DEVELOPMENT_AVAILABLE quartiles Q1-Q4; no cutoff search,0.009603846153846154,0.01804939344109708,0.023992010652463383,Q4,181,95,53,0.6418918918918919,0.3581081081081081,TASK-WS3-CORE-V0-A1-EX-ANTE-SUCCESS-VS-FAILED-BREAKOUT-DISCRIMINATION-RESEARCH-20260818,3ab70b612cbb30335b43a5650d145488f9e8b2c1,9ca9ba4f15359aa5ea96ba4c3d6bed9439d0346e,6e4cc504f969098e263cfa8e7c43240e9575a3f72f0641ba39da22794ea9870d,canonical Postgres historical read model via read_historical_bars; REC-A1 event dataset preserved
recent_20_high_proximity,BREAKOUT_PROXIMITY,AVAILABLE,fixed DEVELOPMENT_AVAILABLE quartiles Q1-Q4; no cutoff search,-0.02788659488440291,-0.02147248243559719,-0.013943687105975648,Q1,164,67,74,0.475177304964539,0.524822695035461,TASK-WS3-CORE-V0-A1-EX-ANTE-SUCCESS-VS-FAILED-BREAKOUT-DISCRIMINATION-RESEARCH-20260818,3ab70b612cbb30335b43a5650d145488f9e8b2c1,9ca9ba4f15359aa5ea96ba4c3d6bed9439d0346e,6e4cc504f969098e263cfa8e7c43240e9575a3f72f0641ba39da22794ea9870d,canonical Postgres historical read model via read_historical_bars; REC-A1 event dataset preserved
recent_20_high_proximity,BREAKOUT_PROXIMITY,AVAILABLE,fixed DEVELOPMENT_AVAILABLE quartiles Q1-Q4; no cutoff search,-0.02788659488440291,-0.02147248243559719,-0.013943687105975648,Q2,183,95,48,0.6643356643356644,0.3356643356643357,TASK-WS3-CORE-V0-A1-EX-ANTE-SUCCESS-VS-FAILED-BREAKOUT-DISCRIMINATION-RESEARCH-20260818,3ab70b612cbb30335b43a5650d145488f9e8b2c1,9ca9ba4f15359aa5ea96ba4c3d6bed9439d0346e,6e4cc504f969098e263cfa8e7c43240e9575a3f72f0641ba39da22794ea9870d,canonical Postgres historical read model via read_historical_bars; REC-A1 event dataset preserved
recent_20_high_proximity,BREAKOUT_PROXIMITY,AVAILABLE,fixed DEVELOPMENT_AVAILABLE quartiles Q1-Q4; no cutoff search,-0.02788659488440291,-0.02147248243559719,-0.013943687105975648,Q3,170,103,41,0.7152777777777778,0.2847222222222222,TASK-WS3-CORE-V0-A1-EX-ANTE-SUCCESS-VS-FAILED-BREAKOUT-DISCRIMINATION-RESEARCH-20260818,3ab70b612cbb30335b43a5650d145488f9e8b2c1,9ca9ba4f15359aa5ea96ba4c3d6bed9439d0346e,6e4cc504f969098e263cfa8e7c43240e9575a3f72f0641ba39da22794ea9870d,canonical Postgres historical read model via read_historical_bars; REC-A1 event dataset preserved
recent_20_high_proximity,BREAKOUT_PROXIMITY,AVAILABLE,fixed DEVELOPMENT_AVAILABLE quartiles Q1-Q4; no cutoff search,-0.02788659488440291,-0.02147248243559719,-0.013943687105975648,Q4,183,121,51,0.7034883720930233,0.29651162790697677,TASK-WS3-CORE-V0-A1-EX-ANTE-SUCCESS-VS-FAILED-BREAKOUT-DISCRIMINATION-RESEARCH-20260818,3ab70b612cbb30335b43a5650d145488f9e8b2c1,9ca9ba4f15359aa5ea96ba4c3d6bed9439d0346e,6e4cc504f969098e263cfa8e7c43240e9575a3f72f0641ba39da22794ea9870d,canonical Postgres historical read model via read_historical_bars; REC-A1 event dataset preserved
recent_20_close_range_location,BREAKOUT_PROXIMITY,AVAILABLE,fixed DEVELOPMENT_AVAILABLE quartiles Q1-Q4; no cutoff search,0.9377403846153847,1.0,1.0,Q1,211,131,41,0.7616279069767442,0.23837209302325582,TASK-WS3-CORE-V0-A1-EX-ANTE-SUCCESS-VS-FAILED-BREAKOUT-DISCRIMINATION-RESEARCH-20260818,3ab70b612cbb30335b43a5650d145488f9e8b2c1,9ca9ba4f15359aa5ea96ba4c3d6bed9439d0346e,6e4cc504f969098e263cfa8e7c43240e9575a3f72f0641ba39da22794ea9870d,canonical Postgres historical read model via read_historical_bars; REC-A1 event dataset preserved
recent_20_close_range_location,BREAKOUT_PROXIMITY,AVAILABLE,fixed DEVELOPMENT_AVAILABLE quartiles Q1-Q4; no cutoff search,0.9377403846153847,1.0,1.0,Q2,489,255,173,0.5957943925233645,0.40420560747663553,TASK-WS3-CORE-V0-A1-EX-ANTE-SUCCESS-VS-FAILED-BREAKOUT-DISCRIMINATION-RESEARCH-20260818,3ab70b612cbb30335b43a5650d145488f9e8b2c1,9ca9ba4f15359aa5ea96ba4c3d6bed9439d0346e,6e4cc504f969098e263cfa8e7c43240e9575a3f72f0641ba39da22794ea9870d,canonical Postgres historical read model via read_historical_bars; REC-A1 event dataset preserved
recent_20_close_range_location,BREAKOUT_PROXIMITY,AVAILABLE,fixed DEVELOPMENT_AVAILABLE quartiles Q1-Q4; no cutoff search,0.9377403846153847,1.0,1.0,Q3,0,0,0,,,TASK-WS3-CORE-V0-A1-EX-ANTE-SUCCESS-VS-FAILED-BREAKOUT-DISCRIMINATION-RESEARCH-20260818,3ab70b612cbb30335b43a5650d145488f9e8b2c1,9ca9ba4f15359aa5ea96ba4c3d6bed9439d0346e,6e4cc504f969098e263cfa8e7c43240e9575a3f72f0641ba39da22794ea9870d,canonical Postgres historical read model via read_historical_bars; REC-A1 event dataset preserved
recent_20_close_range_location,BREAKOUT_PROXIMITY,AVAILABLE,fixed DEVELOPMENT_AVAILABLE quartiles Q1-Q4; no cutoff search,0.9377403846153847,1.0,1.0,Q4,0,0,0,,,TASK-WS3-CORE-V0-A1-EX-ANTE-SUCCESS-VS-FAILED-BREAKOUT-DISCRIMINATION-RESEARCH-20260818,3ab70b612cbb30335b43a5650d145488f9e8b2c1,9ca9ba4f15359aa5ea96ba4c3d6bed9439d0346e,6e4cc504f969098e263cfa8e7c43240e9575a3f72f0641ba39da22794ea9870d,canonical Postgres historical read model via read_historical_bars; REC-A1 event dataset preserved
reference_touch_count_20,BREAKOUT_PROXIMITY,AVAILABLE,fixed DEVELOPMENT_AVAILABLE quartiles Q1-Q4; no cutoff search,0.05,0.05,0.1,Q1,428,264,101,0.7232876712328767,0.27671232876712326,TASK-WS3-CORE-V0-A1-EX-ANTE-SUCCESS-VS-FAILED-BREAKOUT-DISCRIMINATION-RESEARCH-20260818,3ab70b612cbb30335b43a5650d145488f9e8b2c1,9ca9ba4f15359aa5ea96ba4c3d6bed9439d0346e,6e4cc504f969098e263cfa8e7c43240e9575a3f72f0641ba39da22794ea9870d,canonical Postgres historical read model via read_historical_bars; REC-A1 event dataset preserved
reference_touch_count_20,BREAKOUT_PROXIMITY,AVAILABLE,fixed DEVELOPMENT_AVAILABLE quartiles Q1-Q4; no cutoff search,0.05,0.05,0.1,Q2,0,0,0,,,TASK-WS3-CORE-V0-A1-EX-ANTE-SUCCESS-VS-FAILED-BREAKOUT-DISCRIMINATION-RESEARCH-20260818,3ab70b612cbb30335b43a5650d145488f9e8b2c1,9ca9ba4f15359aa5ea96ba4c3d6bed9439d0346e,6e4cc504f969098e263cfa8e7c43240e9575a3f72f0641ba39da22794ea9870d,canonical Postgres historical read model via read_historical_bars; REC-A1 event dataset preserved
reference_touch_count_20,BREAKOUT_PROXIMITY,AVAILABLE,fixed DEVELOPMENT_AVAILABLE quartiles Q1-Q4; no cutoff search,0.05,0.05,0.1,Q3,232,99,97,0.5051020408163265,0.49489795918367346,TASK-WS3-CORE-V0-A1-EX-ANTE-SUCCESS-VS-FAILED-BREAKOUT-DISCRIMINATION-RESEARCH-20260818,3ab70b612cbb30335b43a5650d145488f9e8b2c1,9ca9ba4f15359aa5ea96ba4c3d6bed9439d0346e,6e4cc504f969098e263cfa8e7c43240e9575a3f72f0641ba39da22794ea9870d,canonical Postgres historical read model via read_historical_bars; REC-A1 event dataset preserved
reference_touch_count_20,BREAKOUT_PROXIMITY,AVAILABLE,fixed DEVELOPMENT_AVAILABLE quartiles Q1-Q4; no cutoff search,0.05,0.05,0.1,Q4,40,23,16,0.5897435897435898,0.41025641025641024,TASK-WS3-CORE-V0-A1-EX-ANTE-SUCCESS-VS-FAILED-BREAKOUT-DISCRIMINATION-RESEARCH-20260818,3ab70b612cbb30335b43a5650d145488f9e8b2c1,9ca9ba4f15359aa5ea96ba4c3d6bed9439d0346e,6e4cc504f969098e263cfa8e7c43240e9575a3f72f0641ba39da22794ea9870d,canonical Postgres historical read model via read_historical_bars; REC-A1 event dataset preserved
recent_20_high_age_sessions,CONSOLIDATION_STRUCTURE,AVAILABLE,fixed DEVELOPMENT_AVAILABLE quartiles Q1-Q4; no cutoff search,0.0,5.0,9.0,Q1,248,97,114,0.4597156398104265,0.5402843601895735,TASK-WS3-CORE-V0-A1-EX-ANTE-SUCCESS-VS-FAILED-BREAKOUT-DISCRIMINATION-RESEARCH-20260818,3ab70b612cbb30335b43a5650d145488f9e8b2c1,9ca9ba4f15359aa5ea96ba4c3d6bed9439d0346e,6e4cc504f969098e263cfa8e7c43240e9575a3f72f0641ba39da22794ea9870d,canonical Postgres historical read model via read_historical_bars; REC-A1 event dataset preserved
recent_20_high_age_sessions,CONSOLIDATION_STRUCTURE,AVAILABLE,fixed DEVELOPMENT_AVAILABLE quartiles Q1-Q4; no cutoff search,0.0,5.0,9.0,Q2,119,69,33,0.6764705882352942,0.3235294117647059,TASK-WS3-CORE-V0-A1-EX-ANTE-SUCCESS-VS-FAILED-BREAKOUT-DISCRIMINATION-RESEARCH-20260818,3ab70b612cbb30335b43a5650d145488f9e8b2c1,9ca9ba4f15359aa5ea96ba4c3d6bed9439d0346e,6e4cc504f969098e263cfa8e7c43240e9575a3f72f0641ba39da22794ea9870d,canonical Postgres historical read model via read_historical_bars; REC-A1 event dataset preserved
recent_20_high_age_sessions,CONSOLIDATION_STRUCTURE,AVAILABLE,fixed DEVELOPMENT_AVAILABLE quartiles Q1-Q4; no cutoff search,0.0,5.0,9.0,Q3,135,89,31,0.7416666666666667,0.25833333333333336,TASK-WS3-CORE-V0-A1-EX-ANTE-SUCCESS-VS-FAILED-BREAKOUT-DISCRIMINATION-RESEARCH-20260818,3ab70b612cbb30335b43a5650d145488f9e8b2c1,9ca9ba4f15359aa5ea96ba4c3d6bed9439d0346e,6e4cc504f969098e263cfa8e7c43240e9575a3f72f0641ba39da22794ea9870d,canonical Postgres historical read model via read_historical_bars; REC-A1 event dataset preserved
recent_20_high_age_sessions,CONSOLIDATION_STRUCTURE,AVAILABLE,fixed DEVELOPMENT_AVAILABLE quartiles Q1-Q4; no cutoff search,0.0,5.0,9.0,Q4,198,131,36,0.7844311377245509,0.2155688622754491,TASK-WS3-CORE-V0-A1-EX-ANTE-SUCCESS-VS-FAILED-BREAKOUT-DISCRIMINATION-RESEARCH-20260818,3ab70b612cbb30335b43a5650d145488f9e8b2c1,9ca9ba4f15359aa5ea96ba4c3d6bed9439d0346e,6e4cc504f969098e263cfa8e7c43240e9575a3f72f0641ba39da22794ea9870d,canonical Postgres historical read model via read_historical_bars; REC-A1 event dataset preserved
reference_below_high_streak,CONSOLIDATION_STRUCTURE,AVAILABLE,fixed DEVELOPMENT_AVAILABLE quartiles Q1-Q4; no cutoff search,0.0,5.0,9.75,Q1,235,90,108,0.45454545454545453,0.5454545454545454,TASK-WS3-CORE-V0-A1-EX-ANTE-SUCCESS-VS-FAILED-BREAKOUT-DISCRIMINATION-RESEARCH-20260818,3ab70b612cbb30335b43a5650d145488f9e8b2c1,9ca9ba4f15359aa5ea96ba4c3d6bed9439d0346e,6e4cc504f969098e263cfa8e7c43240e9575a3f72f0641ba39da22794ea9870d,canonical Postgres historical read model via read_historical_bars; REC-A1 event dataset preserved
reference_below_high_streak,CONSOLIDATION_STRUCTURE,AVAILABLE,fixed DEVELOPMENT_AVAILABLE quartiles Q1-Q4; no cutoff search,0.0,5.0,9.75,Q2,115,68,31,0.6868686868686869,0.31313131313131315,TASK-WS3-CORE-V0-A1-EX-ANTE-SUCCESS-VS-FAILED-BREAKOUT-DISCRIMINATION-RESEARCH-20260818,3ab70b612cbb30335b43a5650d145488f9e8b2c1,9ca9ba4f15359aa5ea96ba4c3d6bed9439d0346e,6e4cc504f969098e263cfa8e7c43240e9575a3f72f0641ba39da22794ea9870d,canonical Postgres historical read model via read_historical_bars; REC-A1 event dataset preserved
reference_below_high_streak,CONSOLIDATION_STRUCTURE,AVAILABLE,fixed DEVELOPMENT_AVAILABLE quartiles Q1-Q4; no cutoff search,0.0,5.0,9.75,Q3,131,88,29,0.7521367521367521,0.24786324786324787,TASK-WS3-CORE-V0-A1-EX-ANTE-SUCCESS-VS-FAILED-BREAKOUT-DISCRIMINATION-RESEARCH-20260818,3ab70b612cbb30335b43a5650d145488f9e8b2c1,9ca9ba4f15359aa5ea96ba4c3d6bed9439d0346e,6e4cc504f969098e263cfa8e7c43240e9575a3f72f0641ba39da22794ea9870d,canonical Postgres historical read model via read_historical_bars; REC-A1 event dataset preserved
reference_below_high_streak,CONSOLIDATION_STRUCTURE,AVAILABLE,fixed DEVELOPMENT_AVAILABLE quartiles Q1-Q4; no cutoff search,0.0,5.0,9.75,Q4,219,140,46,0.7526881720430108,0.24731182795698925,TASK-WS3-CORE-V0-A1-EX-ANTE-SUCCESS-VS-FAILED-BREAKOUT-DISCRIMINATION-RESEARCH-20260818,3ab70b612cbb30335b43a5650d145488f9e8b2c1,9ca9ba4f15359aa5ea96ba4c3d6bed9439d0346e,6e4cc504f969098e263cfa8e7c43240e9575a3f72f0641ba39da22794ea9870d,canonical Postgres historical read model via read_historical_bars; REC-A1 event dataset preserved
return_1d,MOMENTUM,AVAILABLE,fixed DEVELOPMENT_AVAILABLE quartiles Q1-Q4; no cutoff search,0.007430349114315898,0.023317598793959914,0.05458644278606965,Q1,220,129,49,0.7247191011235955,0.2752808988764045,TASK-WS3-CORE-V0-A1-EX-ANTE-SUCCESS-VS-FAILED-BREAKOUT-DISCRIMINATION-RESEARCH-20260818,3ab70b612cbb30335b43a5650d145488f9e8b2c1,9ca9ba4f15359aa5ea96ba4c3d6bed9439d0346e,6e4cc504f969098e263cfa8e7c43240e9575a3f72f0641ba39da22794ea9870d,canonical Postgres historical read model via read_historical_bars; REC-A1 event dataset preserved
return_1d,MOMENTUM,AVAILABLE,fixed DEVELOPMENT_AVAILABLE quartiles Q1-Q4; no cutoff search,0.007430349114315898,0.023317598793959914,0.05458644278606965,Q2,171,93,51,0.6458333333333334,0.3541666666666667,TASK-WS3-CORE-V0-A1-EX-ANTE-SUCCESS-VS-FAILED-BREAKOUT-DISCRIMINATION-RESEARCH-20260818,3ab70b612cbb30335b43a5650d145488f9e8b2c1,9ca9ba4f15359aa5ea96ba4c3d6bed9439d0346e,6e4cc504f969098e263cfa8e7c43240e9575a3f72f0641ba39da22794ea9870d,canonical Postgres historical read model via read_historical_bars; REC-A1 event dataset preserved
return_1d,MOMENTUM,AVAILABLE,fixed DEVELOPMENT_AVAILABLE quartiles Q1-Q4; no cutoff search,0.007430349114315898,0.023317598793959914,0.05458644278606965,Q3,165,78,62,0.5571428571428572,0.44285714285714284,TASK-WS3-CORE-V0-A1-EX-ANTE-SUCCESS-VS-FAILED-BREAKOUT-DISCRIMINATION-RESEARCH-20260818,3ab70b612cbb30335b43a5650d145488f9e8b2c1,9ca9ba4f15359aa5ea96ba4c3d6bed9439d0346e,6e4cc504f969098e263cfa8e7c43240e9575a3f72f0641ba39da22794ea9870d,canonical Postgres historical read model via read_historical_bars; REC-A1 event dataset preserved
return_1d,MOMENTUM,AVAILABLE,fixed DEVELOPMENT_AVAILABLE quartiles Q1-Q4; no cutoff search,0.007430349114315898,0.023317598793959914,0.05458644278606965,Q4,144,86,52,0.6231884057971014,0.37681159420289856,TASK-WS3-CORE-V0-A1-EX-ANTE-SUCCESS-VS-FAILED-BREAKOUT-DISCRIMINATION-RESEARCH-20260818,3ab70b612cbb30335b43a5650d145488f9e8b2c1,9ca9ba4f15359aa5ea96ba4c3d6bed9439d0346e,6e4cc504f969098e263cfa8e7c43240e9575a3f72f0641ba39da22794ea9870d,canonical Postgres historical read model via read_historical_bars; REC-A1 event dataset preserved
return_3d,MOMENTUM,AVAILABLE,fixed DEVELOPMENT_AVAILABLE quartiles Q1-Q4; no cutoff search,0.022816703233807117,0.05462288247424525,0.09857958489729607,Q1,226,140,42,0.7692307692307693,0.23076923076923078,TASK-WS3-CORE-V0-A1-EX-ANTE-SUCCESS-VS-FAILED-BREAKOUT-DISCRIMINATION-RESEARCH-20260818,3ab70b612cbb30335b43a5650d145488f9e8b2c1,9ca9ba4f15359aa5ea96ba4c3d6bed9439d0346e,6e4cc504f969098e263cfa8e7c43240e9575a3f72f0641ba39da22794ea9870d,canonical Postgres historical read model via read_historical_bars; REC-A1 event dataset preserved
return_3d,MOMENTUM,AVAILABLE,fixed DEVELOPMENT_AVAILABLE quartiles Q1-Q4; no cutoff search,0.022816703233807117,0.05462288247424525,0.09857958489729607,Q2,167,83,59,0.5845070422535211,0.4154929577464789,TASK-WS3-CORE-V0-A1-EX-ANTE-SUCCESS-VS-FAILED-BREAKOUT-DISCRIMINATION-RESEARCH-20260818,3ab70b612cbb30335b43a5650d145488f9e8b2c1,9ca9ba4f15359aa5ea96ba4c3d6bed9439d0346e,6e4cc504f969098e263cfa8e7c43240e9575a3f72f0641ba39da22794ea9870d,canonical Postgres historical read model via read_historical_bars; REC-A1 event dataset preserved
return_3d,MOMENTUM,AVAILABLE,fixed DEVELOPMENT_AVAILABLE quartiles Q1-Q4; no cutoff search,0.022816703233807117,0.05462288247424525,0.09857958489729607,Q3,146,86,49,0.6370370370370371,0.362962962962963,TASK-WS3-CORE-V0-A1-EX-ANTE-SUCCESS-VS-FAILED-BREAKOUT-DISCRIMINATION-RESEARCH-20260818,3ab70b612cbb30335b43a5650d145488f9e8b2c1,9ca9ba4f15359aa5ea96ba4c3d6bed9439d0346e,6e4cc504f969098e263cfa8e7c43240e9575a3f72f0641ba39da22794ea9870d,canonical Postgres historical read model via read_historical_bars; REC-A1 event dataset preserved
return_3d,MOMENTUM,AVAILABLE,fixed DEVELOPMENT_AVAILABLE quartiles Q1-Q4; no cutoff search,0.022816703233807117,0.05462288247424525,0.09857958489729607,Q4,161,77,64,0.5460992907801419,0.45390070921985815,TASK-WS3-CORE-V0-A1-EX-ANTE-SUCCESS-VS-FAILED-BREAKOUT-DISCRIMINATION-RESEARCH-20260818,3ab70b612cbb30335b43a5650d145488f9e8b2c1,9ca9ba4f15359aa5ea96ba4c3d6bed9439d0346e,6e4cc504f969098e263cfa8e7c43240e9575a3f72f0641ba39da22794ea9870d,canonical Postgres historical read model via read_historical_bars; REC-A1 event dataset preserved
return_5d,MOMENTUM,AVAILABLE,fixed DEVELOPMENT_AVAILABLE quartiles Q1-Q4; no cutoff search,0.025072675522398034,0.05866786035680821,0.10090784578652205,Q1,224,140,47,0.7486631016042781,0.25133689839572193,TASK-WS3-CORE-V0-A1-EX-ANTE-SUCCESS-VS-FAILED-BREAKOUT-DISCRIMINATION-RESEARCH-20260818,3ab70b612cbb30335b43a5650d145488f9e8b2c1,9ca9ba4f15359aa5ea96ba4c3d6bed9439d0346e,6e4cc504f969098e263cfa8e7c43240e9575a3f72f0641ba39da22794ea9870d,canonical Postgres historical read model via read_historical_bars; REC-A1 event dataset preserved
return_5d,MOMENTUM,AVAILABLE,fixed DEVELOPMENT_AVAILABLE quartiles Q1-Q4; no cutoff search,0.025072675522398034,0.05866786035680821,0.10090784578652205,Q2,153,82,52,0.6119402985074627,0.3880597014925373,TASK-WS3-CORE-V0-A1-EX-ANTE-SUCCESS-VS-FAILED-BREAKOUT-DISCRIMINATION-RESEARCH-20260818,3ab70b612cbb30335b43a5650d145488f9e8b2c1,9ca9ba4f15359aa5ea96ba4c3d6bed9439d0346e,6e4cc504f969098e263cfa8e7c43240e9575a3f72f0641ba39da22794ea9870d,canonical Postgres historical read model via read_historical_bars; REC-A1 event dataset preserved
return_5d,MOMENTUM,AVAILABLE,fixed DEVELOPMENT_AVAILABLE quartiles Q1-Q4; no cutoff search,0.025072675522398034,0.05866786035680821,0.10090784578652205,Q3,146,85,47,0.6439393939393939,0.3560606060606061,TASK-WS3-CORE-V0-A1-EX-ANTE-SUCCESS-VS-FAILED-BREAKOUT-DISCRIMINATION-RESEARCH-20260818,3ab70b612cbb30335b43a5650d145488f9e8b2c1,9ca9ba4f15359aa5ea96ba4c3d6bed9439d0346e,6e4cc504f969098e263cfa8e7c43240e9575a3f72f0641ba39da22794ea9870d,canonical Postgres historical read model via read_historical_bars; REC-A1 event dataset preserved
return_5d,MOMENTUM,AVAILABLE,fixed DEVELOPMENT_AVAILABLE quartiles Q1-Q4; no cutoff search,0.025072675522398034,0.05866786035680821,0.10090784578652205,Q4,177,79,68,0.5374149659863946,0.46258503401360546,TASK-WS3-CORE-V0-A1-EX-ANTE-SUCCESS-VS-FAILED-BREAKOUT-DISCRIMINATION-RESEARCH-20260818,3ab70b612cbb30335b43a5650d145488f9e8b2c1,9ca9ba4f15359aa5ea96ba4c3d6bed9439d0346e,6e4cc504f969098e263cfa8e7c43240e9575a3f72f0641ba39da22794ea9870d,canonical Postgres historical read model via read_historical_bars; REC-A1 event dataset preserved
return_10d,MOMENTUM,AVAILABLE,fixed DEVELOPMENT_AVAILABLE quartiles Q1-Q4; no cutoff search,0.03748080690421983,0.07468779442340387,0.12902295749760578,Q1,230,147,48,0.7538461538461538,0.24615384615384617,TASK-WS3-CORE-V0-A1-EX-ANTE-SUCCESS-VS-FAILED-BREAKOUT-DISCRIMINATION-RESEARCH-20260818,3ab70b612cbb30335b43a5650d145488f9e8b2c1,9ca9ba4f15359aa5ea96ba4c3d6bed9439d0346e,6e4cc504f969098e263cfa8e7c43240e9575a3f72f0641ba39da22794ea9870d,canonical Postgres historical read model via read_historical_bars; REC-A1 event dataset preserved
return_10d,MOMENTUM,AVAILABLE,fixed DEVELOPMENT_AVAILABLE quartiles Q1-Q4; no cutoff search,0.03748080690421983,0.07468779442340387,0.12902295749760578,Q2,158,83,59,0.5845070422535211,0.4154929577464789,TASK-WS3-CORE-V0-A1-EX-ANTE-SUCCESS-VS-FAILED-BREAKOUT-DISCRIMINATION-RESEARCH-20260818,3ab70b612cbb30335b43a5650d145488f9e8b2c1,9ca9ba4f15359aa5ea96ba4c3d6bed9439d0346e,6e4cc504f969098e263cfa8e7c43240e9575a3f72f0641ba39da22794ea9870d,canonical Postgres historical read model via read_historical_bars; REC-A1 event dataset preserved
return_10d,MOMENTUM,AVAILABLE,fixed DEVELOPMENT_AVAILABLE quartiles Q1-Q4; no cutoff search,0.03748080690421983,0.07468779442340387,0.12902295749760578,Q3,146,76,51,0.5984251968503937,0.4015748031496063,TASK-WS3-CORE-V0-A1-EX-ANTE-SUCCESS-VS-FAILED-BREAKOUT-DISCRIMINATION-RESEARCH-20260818,3ab70b612cbb30335b43a5650d145488f9e8b2c1,9ca9ba4f15359aa5ea96ba4c3d6bed9439d0346e,6e4cc504f969098e263cfa8e7c43240e9575a3f72f0641ba39da22794ea9870d,canonical Postgres historical read model via read_historical_bars; REC-A1 event dataset preserved
return_10d,MOMENTUM,AVAILABLE,fixed DEVELOPMENT_AVAILABLE quartiles Q1-Q4; no cutoff search,0.03748080690421983,0.07468779442340387,0.12902295749760578,Q4,166,80,56,0.5882352941176471,0.4117647058823529,TASK-WS3-CORE-V0-A1-EX-ANTE-SUCCESS-VS-FAILED-BREAKOUT-DISCRIMINATION-RESEARCH-20260818,3ab70b612cbb30335b43a5650d145488f9e8b2c1,9ca9ba4f15359aa5ea96ba4c3d6bed9439d0346e,6e4cc504f969098e263cfa8e7c43240e9575a3f72f0641ba39da22794ea9870d,canonical Postgres historical read model via read_historical_bars; REC-A1 event dataset preserved
return_20d,MOMENTUM,AVAILABLE,fixed DEVELOPMENT_AVAILABLE quartiles Q1-Q4; no cutoff search,0.04633413461538462,0.09695074780814852,0.20908445104863202,Q1,237,144,54,0.7272727272727273,0.2727272727272727,TASK-WS3-CORE-V0-A1-EX-ANTE-SUCCESS-VS-FAILED-BREAKOUT-DISCRIMINATION-RESEARCH-20260818,3ab70b612cbb30335b43a5650d145488f9e8b2c1,9ca9ba4f15359aa5ea96ba4c3d6bed9439d0346e,6e4cc504f969098e263cfa8e7c43240e9575a3f72f0641ba39da22794ea9870d,canonical Postgres historical read model via read_historical_bars; REC-A1 event dataset preserved
return_20d,MOMENTUM,AVAILABLE,fixed DEVELOPMENT_AVAILABLE quartiles Q1-Q4; no cutoff search,0.04633413461538462,0.09695074780814852,0.20908445104863202,Q2,183,86,59,0.593103448275862,0.4068965517241379,TASK-WS3-CORE-V0-A1-EX-ANTE-SUCCESS-VS-FAILED-BREAKOUT-DISCRIMINATION-RESEARCH-20260818,3ab70b612cbb30335b43a5650d145488f9e8b2c1,9ca9ba4f15359aa5ea96ba4c3d6bed9439d0346e,6e4cc504f969098e263cfa8e7c43240e9575a3f72f0641ba39da22794ea9870d,canonical Postgres historical read model via read_historical_bars; REC-A1 event dataset preserved
return_20d,MOMENTUM,AVAILABLE,fixed DEVELOPMENT_AVAILABLE quartiles Q1-Q4; no cutoff search,0.04633413461538462,0.09695074780814852,0.20908445104863202,Q3,143,79,51,0.6076923076923076,0.3923076923076923,TASK-WS3-CORE-V0-A1-EX-ANTE-SUCCESS-VS-FAILED-BREAKOUT-DISCRIMINATION-RESEARCH-20260818,3ab70b612cbb30335b43a5650d145488f9e8b2c1,9ca9ba4f15359aa5ea96ba4c3d6bed9439d0346e,6e4cc504f969098e263cfa8e7c43240e9575a3f72f0641ba39da22794ea9870d,canonical Postgres historical read model via read_historical_bars; REC-A1 event dataset preserved
return_20d,MOMENTUM,AVAILABLE,fixed DEVELOPMENT_AVAILABLE quartiles Q1-Q4; no cutoff search,0.04633413461538462,0.09695074780814852,0.20908445104863202,Q4,137,77,50,0.6062992125984252,0.3937007874015748,TASK-WS3-CORE-V0-A1-EX-ANTE-SUCCESS-VS-FAILED-BREAKOUT-DISCRIMINATION-RESEARCH-20260818,3ab70b612cbb30335b43a5650d145488f9e8b2c1,9ca9ba4f15359aa5ea96ba4c3d6bed9439d0346e,6e4cc504f969098e263cfa8e7c43240e9575a3f72f0641ba39da22794ea9870d,canonical Postgres historical read model via read_historical_bars; REC-A1 event dataset preserved
close_ma20_distance,MA_STRUCTURE,AVAILABLE,fixed DEVELOPMENT_AVAILABLE quartiles Q1-Q4; no cutoff search,0.04485414468842992,0.0746091777994212,0.11773073123912263,Q1,240,150,48,0.7575757575757576,0.24242424242424243,TASK-WS3-CORE-V0-A1-EX-ANTE-SUCCESS-VS-FAILED-BREAKOUT-DISCRIMINATION-RESEARCH-20260818,3ab70b612cbb30335b43a5650d145488f9e8b2c1,9ca9ba4f15359aa5ea96ba4c3d6bed9439d0346e,6e4cc504f969098e263cfa8e7c43240e9575a3f72f0641ba39da22794ea9870d,canonical Postgres historical read model via read_historical_bars; REC-A1 event dataset preserved
close_ma20_distance,MA_STRUCTURE,AVAILABLE,fixed DEVELOPMENT_AVAILABLE quartiles Q1-Q4; no cutoff search,0.04485414468842992,0.0746091777994212,0.11773073123912263,Q2,144,81,49,0.6230769230769231,0.3769230769230769,TASK-WS3-CORE-V0-A1-EX-ANTE-SUCCESS-VS-FAILED-BREAKOUT-DISCRIMINATION-RESEARCH-20260818,3ab70b612cbb30335b43a5650d145488f9e8b2c1,9ca9ba4f15359aa5ea96ba4c3d6bed9439d0346e,6e4cc504f969098e263cfa8e7c43240e9575a3f72f0641ba39da22794ea9870d,canonical Postgres historical read model via read_historical_bars; REC-A1 event dataset preserved
close_ma20_distance,MA_STRUCTURE,AVAILABLE,fixed DEVELOPMENT_AVAILABLE quartiles Q1-Q4; no cutoff search,0.04485414468842992,0.0746091777994212,0.11773073123912263,Q3,152,76,58,0.5671641791044776,0.43283582089552236,TASK-WS3-CORE-V0-A1-EX-ANTE-SUCCESS-VS-FAILED-BREAKOUT-DISCRIMINATION-RESEARCH-20260818,3ab70b612cbb30335b43a5650d145488f9e8b2c1,9ca9ba4f15359aa5ea96ba4c3d6bed9439d0346e,6e4cc504f969098e263cfa8e7c43240e9575a3f72f0641ba39da22794ea9870d,canonical Postgres historical read model via read_historical_bars; REC-A1 event dataset preserved
close_ma20_distance,MA_STRUCTURE,AVAILABLE,fixed DEVELOPMENT_AVAILABLE quartiles Q1-Q4; no cutoff search,0.04485414468842992,0.0746091777994212,0.11773073123912263,Q4,164,79,59,0.572463768115942,0.427536231884058,TASK-WS3-CORE-V0-A1-EX-ANTE-SUCCESS-VS-FAILED-BREAKOUT-DISCRIMINATION-RESEARCH-20260818,3ab70b612cbb30335b43a5650d145488f9e8b2c1,9ca9ba4f15359aa5ea96ba4c3d6bed9439d0346e,6e4cc504f969098e263cfa8e7c43240e9575a3f72f0641ba39da22794ea9870d,canonical Postgres historical read model via read_historical_bars; REC-A1 event dataset preserved
close_ma60_distance,MA_STRUCTURE,AVAILABLE,fixed DEVELOPMENT_AVAILABLE quartiles Q1-Q4; no cutoff search,0.04452311541858023,0.11636257813085782,0.2589084285807576,Q1,213,144,37,0.7955801104972375,0.20441988950276244,TASK-WS3-CORE-V0-A1-EX-ANTE-SUCCESS-VS-FAILED-BREAKOUT-DISCRIMINATION-RESEARCH-20260818,3ab70b612cbb30335b43a5650d145488f9e8b2c1,9ca9ba4f15359aa5ea96ba4c3d6bed9439d0346e,6e4cc504f969098e263cfa8e7c43240e9575a3f72f0641ba39da22794ea9870d,canonical Postgres historical read model via read_historical_bars; REC-A1 event dataset preserved
close_ma60_distance,MA_STRUCTURE,AVAILABLE,fixed DEVELOPMENT_AVAILABLE quartiles Q1-Q4; no cutoff search,0.04452311541858023,0.11636257813085782,0.2589084285807576,Q2,205,78,78,0.5,0.5,TASK-WS3-CORE-V0-A1-EX-ANTE-SUCCESS-VS-FAILED-BREAKOUT-DISCRIMINATION-RESEARCH-20260818,3ab70b612cbb30335b43a5650d145488f9e8b2c1,9ca9ba4f15359aa5ea96ba4c3d6bed9439d0346e,6e4cc504f969098e263cfa8e7c43240e9575a3f72f0641ba39da22794ea9870d,canonical Postgres historical read model via read_historical_bars; REC-A1 event dataset preserved
close_ma60_distance,MA_STRUCTURE,AVAILABLE,fixed DEVELOPMENT_AVAILABLE quartiles Q1-Q4; no cutoff search,0.04452311541858023,0.11636257813085782,0.2589084285807576,Q3,145,91,43,0.6791044776119403,0.3208955223880597,TASK-WS3-CORE-V0-A1-EX-ANTE-SUCCESS-VS-FAILED-BREAKOUT-DISCRIMINATION-RESEARCH-20260818,3ab70b612cbb30335b43a5650d145488f9e8b2c1,9ca9ba4f15359aa5ea96ba4c3d6bed9439d0346e,6e4cc504f969098e263cfa8e7c43240e9575a3f72f0641ba39da22794ea9870d,canonical Postgres historical read model via read_historical_bars; REC-A1 event dataset preserved
close_ma60_distance,MA_STRUCTURE,AVAILABLE,fixed DEVELOPMENT_AVAILABLE quartiles Q1-Q4; no cutoff search,0.04452311541858023,0.11636257813085782,0.2589084285807576,Q4,137,73,56,0.5658914728682171,0.43410852713178294,TASK-WS3-CORE-V0-A1-EX-ANTE-SUCCESS-VS-FAILED-BREAKOUT-DISCRIMINATION-RESEARCH-20260818,3ab70b612cbb30335b43a5650d145488f9e8b2c1,9ca9ba4f15359aa5ea96ba4c3d6bed9439d0346e,6e4cc504f969098e263cfa8e7c43240e9575a3f72f0641ba39da22794ea9870d,canonical Postgres historical read model via read_historical_bars; REC-A1 event dataset preserved
ma20_ma60_spread,MA_STRUCTURE,AVAILABLE,fixed DEVELOPMENT_AVAILABLE quartiles Q1-Q4; no cutoff search,0.003424182916316685,0.0409965958487639,0.12449462289642955,Q1,186,92,54,0.6301369863013698,0.3698630136986301,TASK-WS3-CORE-V0-A1-EX-ANTE-SUCCESS-VS-FAILED-BREAKOUT-DISCRIMINATION-RESEARCH-20260818,3ab70b612cbb30335b43a5650d145488f9e8b2c1,9ca9ba4f15359aa5ea96ba4c3d6bed9439d0346e,6e4cc504f969098e263cfa8e7c43240e9575a3f72f0641ba39da22794ea9870d,canonical Postgres historical read model via read_historical_bars; REC-A1 event dataset preserved
ma20_ma60_spread,MA_STRUCTURE,AVAILABLE,fixed DEVELOPMENT_AVAILABLE quartiles Q1-Q4; no cutoff search,0.003424182916316685,0.0409965958487639,0.12449462289642955,Q2,227,132,56,0.7021276595744681,0.2978723404255319,TASK-WS3-CORE-V0-A1-EX-ANTE-SUCCESS-VS-FAILED-BREAKOUT-DISCRIMINATION-RESEARCH-20260818,3ab70b612cbb30335b43a5650d145488f9e8b2c1,9ca9ba4f15359aa5ea96ba4c3d6bed9439d0346e,6e4cc504f969098e263cfa8e7c43240e9575a3f72f0641ba39da22794ea9870d,canonical Postgres historical read model via read_historical_bars; REC-A1 event dataset preserved
ma20_ma60_spread,MA_STRUCTURE,AVAILABLE,fixed DEVELOPMENT_AVAILABLE quartiles Q1-Q4; no cutoff search,0.003424182916316685,0.0409965958487639,0.12449462289642955,Q3,149,92,45,0.6715328467153284,0.3284671532846715,TASK-WS3-CORE-V0-A1-EX-ANTE-SUCCESS-VS-FAILED-BREAKOUT-DISCRIMINATION-RESEARCH-20260818,3ab70b612cbb30335b43a5650d145488f9e8b2c1,9ca9ba4f15359aa5ea96ba4c3d6bed9439d0346e,6e4cc504f969098e263cfa8e7c43240e9575a3f72f0641ba39da22794ea9870d,canonical Postgres historical read model via read_historical_bars; REC-A1 event dataset preserved
ma20_ma60_spread,MA_STRUCTURE,AVAILABLE,fixed DEVELOPMENT_AVAILABLE quartiles Q1-Q4; no cutoff search,0.003424182916316685,0.0409965958487639,0.12449462289642955,Q4,138,70,59,0.5426356589147286,0.4573643410852713,TASK-WS3-CORE-V0-A1-EX-ANTE-SUCCESS-VS-FAILED-BREAKOUT-DISCRIMINATION-RESEARCH-20260818,3ab70b612cbb30335b43a5650d145488f9e8b2c1,9ca9ba4f15359aa5ea96ba4c3d6bed9439d0346e,6e4cc504f969098e263cfa8e7c43240e9575a3f72f0641ba39da22794ea9870d,canonical Postgres historical read model via read_historical_bars; REC-A1 event dataset preserved
ma20_slope_5d,MA_STRUCTURE,AVAILABLE,fixed DEVELOPMENT_AVAILABLE quartiles Q1-Q4; no cutoff search,0.002726822881152833,0.015635637724568625,0.03896960992247684,Q1,217,117,66,0.639344262295082,0.36065573770491804,TASK-WS3-CORE-V0-A1-EX-ANTE-SUCCESS-VS-FAILED-BREAKOUT-DISCRIMINATION-RESEARCH-20260818,3ab70b612cbb30335b43a5650d145488f9e8b2c1,9ca9ba4f15359aa5ea96ba4c3d6bed9439d0346e,6e4cc504f969098e263cfa8e7c43240e9575a3f72f0641ba39da22794ea9870d,canonical Postgres historical read model via read_historical_bars; REC-A1 event dataset preserved
ma20_slope_5d,MA_STRUCTURE,AVAILABLE,fixed DEVELOPMENT_AVAILABLE quartiles Q1-Q4; no cutoff search,0.002726822881152833,0.015635637724568625,0.03896960992247684,Q2,204,108,60,0.6428571428571429,0.35714285714285715,TASK-WS3-CORE-V0-A1-EX-ANTE-SUCCESS-VS-FAILED-BREAKOUT-DISCRIMINATION-RESEARCH-20260818,3ab70b612cbb30335b43a5650d145488f9e8b2c1,9ca9ba4f15359aa5ea96ba4c3d6bed9439d0346e,6e4cc504f969098e263cfa8e7c43240e9575a3f72f0641ba39da22794ea9870d,canonical Postgres historical read model via read_historical_bars; REC-A1 event dataset preserved
ma20_slope_5d,MA_STRUCTURE,AVAILABLE,fixed DEVELOPMENT_AVAILABLE quartiles Q1-Q4; no cutoff search,0.002726822881152833,0.015635637724568625,0.03896960992247684,Q3,149,82,45,0.6456692913385826,0.3543307086614173,TASK-WS3-CORE-V0-A1-EX-ANTE-SUCCESS-VS-FAILED-BREAKOUT-DISCRIMINATION-RESEARCH-20260818,3ab70b612cbb30335b43a5650d145488f9e8b2c1,9ca9ba4f15359aa5ea96ba4c3d6bed9439d0346e,6e4cc504f969098e263cfa8e7c43240e9575a3f72f0641ba39da22794ea9870d,canonical Postgres historical read model via read_historical_bars; REC-A1 event dataset preserved
ma20_slope_5d,MA_STRUCTURE,AVAILABLE,fixed DEVELOPMENT_AVAILABLE quartiles Q1-Q4; no cutoff search,0.002726822881152833,0.015635637724568625,0.03896960992247684,Q4,130,79,43,0.6475409836065574,0.3524590163934426,TASK-WS3-CORE-V0-A1-EX-ANTE-SUCCESS-VS-FAILED-BREAKOUT-DISCRIMINATION-RESEARCH-20260818,3ab70b612cbb30335b43a5650d145488f9e8b2c1,9ca9ba4f15359aa5ea96ba4c3d6bed9439d0346e,6e4cc504f969098e263cfa8e7c43240e9575a3f72f0641ba39da22794ea9870d,canonical Postgres historical read model via read_historical_bars; REC-A1 event dataset preserved
ma60_slope_5d,MA_STRUCTURE,AVAILABLE,fixed DEVELOPMENT_AVAILABLE quartiles Q1-Q4; no cutoff search,0.00036238616130314404,0.010426056637469172,0.027563956490496287,Q1,139,87,36,0.7073170731707317,0.2926829268292683,TASK-WS3-CORE-V0-A1-EX-ANTE-SUCCESS-VS-FAILED-BREAKOUT-DISCRIMINATION-RESEARCH-20260818,3ab70b612cbb30335b43a5650d145488f9e8b2c1,9ca9ba4f15359aa5ea96ba4c3d6bed9439d0346e,6e4cc504f969098e263cfa8e7c43240e9575a3f72f0641ba39da22794ea9870d,canonical Postgres historical read model via read_historical_bars; REC-A1 event dataset preserved
ma60_slope_5d,MA_STRUCTURE,AVAILABLE,fixed DEVELOPMENT_AVAILABLE quartiles Q1-Q4; no cutoff search,0.00036238616130314404,0.010426056637469172,0.027563956490496287,Q2,219,96,67,0.588957055214724,0.4110429447852761,TASK-WS3-CORE-V0-A1-EX-ANTE-SUCCESS-VS-FAILED-BREAKOUT-DISCRIMINATION-RESEARCH-20260818,3ab70b612cbb30335b43a5650d145488f9e8b2c1,9ca9ba4f15359aa5ea96ba4c3d6bed9439d0346e,6e4cc504f969098e263cfa8e7c43240e9575a3f72f0641ba39da22794ea9870d,canonical Postgres historical read model via read_historical_bars; REC-A1 event dataset preserved
ma60_slope_5d,MA_STRUCTURE,AVAILABLE,fixed DEVELOPMENT_AVAILABLE quartiles Q1-Q4; no cutoff search,0.00036238616130314404,0.010426056637469172,0.027563956490496287,Q3,161,97,48,0.6689655172413793,0.3310344827586207,TASK-WS3-CORE-V0-A1-EX-ANTE-SUCCESS-VS-FAILED-BREAKOUT-DISCRIMINATION-RESEARCH-20260818,3ab70b612cbb30335b43a5650d145488f9e8b2c1,9ca9ba4f15359aa5ea96ba4c3d6bed9439d0346e,6e4cc504f969098e263cfa8e7c43240e9575a3f72f0641ba39da22794ea9870d,canonical Postgres historical read model via read_historical_bars; REC-A1 event dataset preserved
ma60_slope_5d,MA_STRUCTURE,AVAILABLE,fixed DEVELOPMENT_AVAILABLE quartiles Q1-Q4; no cutoff search,0.00036238616130314404,0.010426056637469172,0.027563956490496287,Q4,134,67,55,0.5491803278688525,0.45081967213114754,TASK-WS3-CORE-V0-A1-EX-ANTE-SUCCESS-VS-FAILED-BREAKOUT-DISCRIMINATION-RESEARCH-20260818,3ab70b612cbb30335b43a5650d145488f9e8b2c1,9ca9ba4f15359aa5ea96ba4c3d6bed9439d0346e,6e4cc504f969098e263cfa8e7c43240e9575a3f72f0641ba39da22794ea9870d,canonical Postgres historical read model via read_historical_bars; REC-A1 event dataset preserved
ma60_slope_20d,MA_STRUCTURE,AVAILABLE,fixed DEVELOPMENT_AVAILABLE quartiles Q1-Q4; no cutoff search,-0.005418123908178498,0.01972763141148021,0.13937802617439565,Q1,89,48,24,0.6666666666666666,0.3333333333333333,TASK-WS3-CORE-V0-A1-EX-ANTE-SUCCESS-VS-FAILED-BREAKOUT-DISCRIMINATION-RESEARCH-20260818,3ab70b612cbb30335b43a5650d145488f9e8b2c1,9ca9ba4f15359aa5ea96ba4c3d6bed9439d0346e,6e4cc504f969098e263cfa8e7c43240e9575a3f72f0641ba39da22794ea9870d,canonical Postgres historical read model via read_historical_bars; REC-A1 event dataset preserved
ma60_slope_20d,MA_STRUCTURE,AVAILABLE,fixed DEVELOPMENT_AVAILABLE quartiles Q1-Q4; no cutoff search,-0.005418123908178498,0.01972763141148021,0.13937802617439565,Q2,113,43,31,0.581081081081081,0.4189189189189189,TASK-WS3-CORE-V0-A1-EX-ANTE-SUCCESS-VS-FAILED-BREAKOUT-DISCRIMINATION-RESEARCH-20260818,3ab70b612cbb30335b43a5650d145488f9e8b2c1,9ca9ba4f15359aa5ea96ba4c3d6bed9439d0346e,6e4cc504f969098e263cfa8e7c43240e9575a3f72f0641ba39da22794ea9870d,canonical Postgres historical read model via read_historical_bars; REC-A1 event dataset preserved
ma60_slope_20d,MA_STRUCTURE,AVAILABLE,fixed DEVELOPMENT_AVAILABLE quartiles Q1-Q4; no cutoff search,-0.005418123908178498,0.01972763141148021,0.13937802617439565,Q3,129,62,39,0.6138613861386139,0.38613861386138615,TASK-WS3-CORE-V0-A1-EX-ANTE-SUCCESS-VS-FAILED-BREAKOUT-DISCRIMINATION-RESEARCH-20260818,3ab70b612cbb30335b43a5650d145488f9e8b2c1,9ca9ba4f15359aa5ea96ba4c3d6bed9439d0346e,6e4cc504f969098e263cfa8e7c43240e9575a3f72f0641ba39da22794ea9870d,canonical Postgres historical read model via read_historical_bars; REC-A1 event dataset preserved
ma60_slope_20d,MA_STRUCTURE,AVAILABLE,fixed DEVELOPMENT_AVAILABLE quartiles Q1-Q4; no cutoff search,-0.005418123908178498,0.01972763141148021,0.13937802617439565,Q4,62,28,28,0.5,0.5,TASK-WS3-CORE-V0-A1-EX-ANTE-SUCCESS-VS-FAILED-BREAKOUT-DISCRIMINATION-RESEARCH-20260818,3ab70b612cbb30335b43a5650d145488f9e8b2c1,9ca9ba4f15359aa5ea96ba4c3d6bed9439d0346e,6e4cc504f969098e263cfa8e7c43240e9575a3f72f0641ba39da22794ea9870d,canonical Postgres historical read model via read_historical_bars; REC-A1 event dataset preserved
volume_ratio_5,VOLUME_CONFIRMATION,AVAILABLE,fixed DEVELOPMENT_AVAILABLE quartiles Q1-Q4; no cutoff search,0.9747820276963597,1.2994995787128378,1.752929514403508,Q1,204,128,40,0.7619047619047619,0.23809523809523808,TASK-WS3-CORE-V0-A1-EX-ANTE-SUCCESS-VS-FAILED-BREAKOUT-DISCRIMINATION-RESEARCH-20260818,3ab70b612cbb30335b43a5650d145488f9e8b2c1,9ca9ba4f15359aa5ea96ba4c3d6bed9439d0346e,6e4cc504f969098e263cfa8e7c43240e9575a3f72f0641ba39da22794ea9870d,canonical Postgres historical read model via read_historical_bars; REC-A1 event dataset preserved
volume_ratio_5,VOLUME_CONFIRMATION,AVAILABLE,fixed DEVELOPMENT_AVAILABLE quartiles Q1-Q4; no cutoff search,0.9747820276963597,1.2994995787128378,1.752929514403508,Q2,173,93,53,0.636986301369863,0.363013698630137,TASK-WS3-CORE-V0-A1-EX-ANTE-SUCCESS-VS-FAILED-BREAKOUT-DISCRIMINATION-RESEARCH-20260818,3ab70b612cbb30335b43a5650d145488f9e8b2c1,9ca9ba4f15359aa5ea96ba4c3d6bed9439d0346e,6e4cc504f969098e263cfa8e7c43240e9575a3f72f0641ba39da22794ea9870d,canonical Postgres historical read model via read_historical_bars; REC-A1 event dataset preserved
volume_ratio_5,VOLUME_CONFIRMATION,AVAILABLE,fixed DEVELOPMENT_AVAILABLE quartiles Q1-Q4; no cutoff search,0.9747820276963597,1.2994995787128378,1.752929514403508,Q3,166,88,57,0.6068965517241379,0.3931034482758621,TASK-WS3-CORE-V0-A1-EX-ANTE-SUCCESS-VS-FAILED-BREAKOUT-DISCRIMINATION-RESEARCH-20260818,3ab70b612cbb30335b43a5650d145488f9e8b2c1,9ca9ba4f15359aa5ea96ba4c3d6bed9439d0346e,6e4cc504f969098e263cfa8e7c43240e9575a3f72f0641ba39da22794ea9870d,canonical Postgres historical read model via read_historical_bars; REC-A1 event dataset preserved
volume_ratio_5,VOLUME_CONFIRMATION,AVAILABLE,fixed DEVELOPMENT_AVAILABLE quartiles Q1-Q4; no cutoff search,0.9747820276963597,1.2994995787128378,1.752929514403508,Q4,157,77,64,0.5460992907801419,0.45390070921985815,TASK-WS3-CORE-V0-A1-EX-ANTE-SUCCESS-VS-FAILED-BREAKOUT-DISCRIMINATION-RESEARCH-20260818,3ab70b612cbb30335b43a5650d145488f9e8b2c1,9ca9ba4f15359aa5ea96ba4c3d6bed9439d0346e,6e4cc504f969098e263cfa8e7c43240e9575a3f72f0641ba39da22794ea9870d,canonical Postgres historical read model via read_historical_bars; REC-A1 event dataset preserved
volume_ratio_20,VOLUME_CONFIRMATION,AVAILABLE,fixed DEVELOPMENT_AVAILABLE quartiles Q1-Q4; no cutoff search,0.8957060229971112,1.2862143415313358,1.9340617000745899,Q1,195,123,42,0.7454545454545455,0.2545454545454545,TASK-WS3-CORE-V0-A1-EX-ANTE-SUCCESS-VS-FAILED-BREAKOUT-DISCRIMINATION-RESEARCH-20260818,3ab70b612cbb30335b43a5650d145488f9e8b2c1,9ca9ba4f15359aa5ea96ba4c3d6bed9439d0346e,6e4cc504f969098e263cfa8e7c43240e9575a3f72f0641ba39da22794ea9870d,canonical Postgres historical read model via read_historical_bars; REC-A1 event dataset preserved
volume_ratio_20,VOLUME_CONFIRMATION,AVAILABLE,fixed DEVELOPMENT_AVAILABLE quartiles Q1-Q4; no cutoff search,0.8957060229971112,1.2862143415313358,1.9340617000745899,Q2,167,103,41,0.7152777777777778,0.2847222222222222,TASK-WS3-CORE-V0-A1-EX-ANTE-SUCCESS-VS-FAILED-BREAKOUT-DISCRIMINATION-RESEARCH-20260818,3ab70b612cbb30335b43a5650d145488f9e8b2c1,9ca9ba4f15359aa5ea96ba4c3d6bed9439d0346e,6e4cc504f969098e263cfa8e7c43240e9575a3f72f0641ba39da22794ea9870d,canonical Postgres historical read model via read_historical_bars; REC-A1 event dataset preserved
volume_ratio_20,VOLUME_CONFIRMATION,AVAILABLE,fixed DEVELOPMENT_AVAILABLE quartiles Q1-Q4; no cutoff search,0.8957060229971112,1.2862143415313358,1.9340617000745899,Q3,175,88,60,0.5945945945945946,0.40540540540540543,TASK-WS3-CORE-V0-A1-EX-ANTE-SUCCESS-VS-FAILED-BREAKOUT-DISCRIMINATION-RESEARCH-20260818,3ab70b612cbb30335b43a5650d145488f9e8b2c1,9ca9ba4f15359aa5ea96ba4c3d6bed9439d0346e,6e4cc504f969098e263cfa8e7c43240e9575a3f72f0641ba39da22794ea9870d,canonical Postgres historical read model via read_historical_bars; REC-A1 event dataset preserved
volume_ratio_20,VOLUME_CONFIRMATION,AVAILABLE,fixed DEVELOPMENT_AVAILABLE quartiles Q1-Q4; no cutoff search,0.8957060229971112,1.2862143415313358,1.9340617000745899,Q4,163,72,71,0.5034965034965035,0.4965034965034965,TASK-WS3-CORE-V0-A1-EX-ANTE-SUCCESS-VS-FAILED-BREAKOUT-DISCRIMINATION-RESEARCH-20260818,3ab70b612cbb30335b43a5650d145488f9e8b2c1,9ca9ba4f15359aa5ea96ba4c3d6bed9439d0346e,6e4cc504f969098e263cfa8e7c43240e9575a3f72f0641ba39da22794ea9870d,canonical Postgres historical read model via read_historical_bars; REC-A1 event dataset preserved
volume_ma5_ma20_spread,VOLUME_CONFIRMATION,AVAILABLE,fixed DEVELOPMENT_AVAILABLE quartiles Q1-Q4; no cutoff search,-0.164083620236869,0.03002000159753162,0.2740956239002051,Q1,172,108,44,0.7105263157894737,0.2894736842105263,TASK-WS3-CORE-V0-A1-EX-ANTE-SUCCESS-VS-FAILED-BREAKOUT-DISCRIMINATION-RESEARCH-20260818,3ab70b612cbb30335b43a5650d145488f9e8b2c1,9ca9ba4f15359aa5ea96ba4c3d6bed9439d0346e,6e4cc504f969098e263cfa8e7c43240e9575a3f72f0641ba39da22794ea9870d,canonical Postgres historical read model via read_historical_bars; REC-A1 event dataset preserved
volume_ma5_ma20_spread,VOLUME_CONFIRMATION,AVAILABLE,fixed DEVELOPMENT_AVAILABLE quartiles Q1-Q4; no cutoff search,-0.164083620236869,0.03002000159753162,0.2740956239002051,Q2,184,107,52,0.6729559748427673,0.3270440251572327,TASK-WS3-CORE-V0-A1-EX-ANTE-SUCCESS-VS-FAILED-BREAKOUT-DISCRIMINATION-RESEARCH-20260818,3ab70b612cbb30335b43a5650d145488f9e8b2c1,9ca9ba4f15359aa5ea96ba4c3d6bed9439d0346e,6e4cc504f969098e263cfa8e7c43240e9575a3f72f0641ba39da22794ea9870d,canonical Postgres historical read model via read_historical_bars; REC-A1 event dataset preserved
volume_ma5_ma20_spread,VOLUME_CONFIRMATION,AVAILABLE,fixed DEVELOPMENT_AVAILABLE quartiles Q1-Q4; no cutoff search,-0.164083620236869,0.03002000159753162,0.2740956239002051,Q3,165,86,56,0.6056338028169014,0.39436619718309857,TASK-WS3-CORE-V0-A1-EX-ANTE-SUCCESS-VS-FAILED-BREAKOUT-DISCRIMINATION-RESEARCH-20260818,3ab70b612cbb30335b43a5650d145488f9e8b2c1,9ca9ba4f15359aa5ea96ba4c3d6bed9439d0346e,6e4cc504f969098e263cfa8e7c43240e9575a3f72f0641ba39da22794ea9870d,canonical Postgres historical read model via read_historical_bars; REC-A1 event dataset preserved
volume_ma5_ma20_spread,VOLUME_CONFIRMATION,AVAILABLE,fixed DEVELOPMENT_AVAILABLE quartiles Q1-Q4; no cutoff search,-0.164083620236869,0.03002000159753162,0.2740956239002051,Q4,179,85,62,0.5782312925170068,0.4217687074829932,TASK-WS3-CORE-V0-A1-EX-ANTE-SUCCESS-VS-FAILED-BREAKOUT-DISCRIMINATION-RESEARCH-20260818,3ab70b612cbb30335b43a5650d145488f9e8b2c1,9ca9ba4f15359aa5ea96ba4c3d6bed9439d0346e,6e4cc504f969098e263cfa8e7c43240e9575a3f72f0641ba39da22794ea9870d,canonical Postgres historical read model via read_historical_bars; REC-A1 event dataset preserved
volume_expansion_5_vs_prior20,VOLUME_CONFIRMATION,AVAILABLE,fixed DEVELOPMENT_AVAILABLE quartiles Q1-Q4; no cutoff search,-0.1969692765515432,0.08101195842339663,0.41589066112138123,Q1,193,113,56,0.6686390532544378,0.33136094674556216,TASK-WS3-CORE-V0-A1-EX-ANTE-SUCCESS-VS-FAILED-BREAKOUT-DISCRIMINATION-RESEARCH-20260818,3ab70b612cbb30335b43a5650d145488f9e8b2c1,9ca9ba4f15359aa5ea96ba4c3d6bed9439d0346e,6e4cc504f969098e263cfa8e7c43240e9575a3f72f0641ba39da22794ea9870d,canonical Postgres historical read model via read_historical_bars; REC-A1 event dataset preserved
volume_expansion_5_vs_prior20,VOLUME_CONFIRMATION,AVAILABLE,fixed DEVELOPMENT_AVAILABLE quartiles Q1-Q4; no cutoff search,-0.1969692765515432,0.08101195842339663,0.41589066112138123,Q2,184,105,49,0.6818181818181818,0.3181818181818182,TASK-WS3-CORE-V0-A1-EX-ANTE-SUCCESS-VS-FAILED-BREAKOUT-DISCRIMINATION-RESEARCH-20260818,3ab70b612cbb30335b43a5650d145488f9e8b2c1,9ca9ba4f15359aa5ea96ba4c3d6bed9439d0346e,6e4cc504f969098e263cfa8e7c43240e9575a3f72f0641ba39da22794ea9870d,canonical Postgres historical read model via read_historical_bars; REC-A1 event dataset preserved
volume_expansion_5_vs_prior20,VOLUME_CONFIRMATION,AVAILABLE,fixed DEVELOPMENT_AVAILABLE quartiles Q1-Q4; no cutoff search,-0.1969692765515432,0.08101195842339663,0.41589066112138123,Q3,157,89,51,0.6357142857142857,0.36428571428571427,TASK-WS3-CORE-V0-A1-EX-ANTE-SUCCESS-VS-FAILED-BREAKOUT-DISCRIMINATION-RESEARCH-20260818,3ab70b612cbb30335b43a5650d145488f9e8b2c1,9ca9ba4f15359aa5ea96ba4c3d6bed9439d0346e,6e4cc504f969098e263cfa8e7c43240e9575a3f72f0641ba39da22794ea9870d,canonical Postgres historical read model via read_historical_bars; REC-A1 event dataset preserved
volume_expansion_5_vs_prior20,VOLUME_CONFIRMATION,AVAILABLE,fixed DEVELOPMENT_AVAILABLE quartiles Q1-Q4; no cutoff search,-0.1969692765515432,0.08101195842339663,0.41589066112138123,Q4,166,79,58,0.5766423357664233,0.4233576642335766,TASK-WS3-CORE-V0-A1-EX-ANTE-SUCCESS-VS-FAILED-BREAKOUT-DISCRIMINATION-RESEARCH-20260818,3ab70b612cbb30335b43a5650d145488f9e8b2c1,9ca9ba4f15359aa5ea96ba4c3d6bed9439d0346e,6e4cc504f969098e263cfa8e7c43240e9575a3f72f0641ba39da22794ea9870d,canonical Postgres historical read model via read_historical_bars; REC-A1 event dataset preserved
true_range_pct,VOLATILITY,AVAILABLE,fixed DEVELOPMENT_AVAILABLE quartiles Q1-Q4; no cutoff search,0.02654993960598109,0.0445569413303438,0.07115734778167607,Q1,229,152,33,0.8216216216216217,0.1783783783783784,TASK-WS3-CORE-V0-A1-EX-ANTE-SUCCESS-VS-FAILED-BREAKOUT-DISCRIMINATION-RESEARCH-20260818,3ab70b612cbb30335b43a5650d145488f9e8b2c1,9ca9ba4f15359aa5ea96ba4c3d6bed9439d0346e,6e4cc504f969098e263cfa8e7c43240e9575a3f72f0641ba39da22794ea9870d,canonical Postgres historical read model via read_historical_bars; REC-A1 event dataset preserved
true_range_pct,VOLATILITY,AVAILABLE,fixed DEVELOPMENT_AVAILABLE quartiles Q1-Q4; no cutoff search,0.02654993960598109,0.0445569413303438,0.07115734778167607,Q2,160,90,49,0.6474820143884892,0.35251798561151076,TASK-WS3-CORE-V0-A1-EX-ANTE-SUCCESS-VS-FAILED-BREAKOUT-DISCRIMINATION-RESEARCH-20260818,3ab70b612cbb30335b43a5650d145488f9e8b2c1,9ca9ba4f15359aa5ea96ba4c3d6bed9439d0346e,6e4cc504f969098e263cfa8e7c43240e9575a3f72f0641ba39da22794ea9870d,canonical Postgres historical read model via read_historical_bars; REC-A1 event dataset preserved
true_range_pct,VOLATILITY,AVAILABLE,fixed DEVELOPMENT_AVAILABLE quartiles Q1-Q4; no cutoff search,0.02654993960598109,0.0445569413303438,0.07115734778167607,Q3,165,76,68,0.5277777777777778,0.4722222222222222,TASK-WS3-CORE-V0-A1-EX-ANTE-SUCCESS-VS-FAILED-BREAKOUT-DISCRIMINATION-RESEARCH-20260818,3ab70b612cbb30335b43a5650d145488f9e8b2c1,9ca9ba4f15359aa5ea96ba4c3d6bed9439d0346e,6e4cc504f969098e263cfa8e7c43240e9575a3f72f0641ba39da22794ea9870d,canonical Postgres historical read model via read_historical_bars; REC-A1 event dataset preserved
true_range_pct,VOLATILITY,AVAILABLE,fixed DEVELOPMENT_AVAILABLE quartiles Q1-Q4; no cutoff search,0.02654993960598109,0.0445569413303438,0.07115734778167607,Q4,146,68,64,0.5151515151515151,0.48484848484848486,TASK-WS3-CORE-V0-A1-EX-ANTE-SUCCESS-VS-FAILED-BREAKOUT-DISCRIMINATION-RESEARCH-20260818,3ab70b612cbb30335b43a5650d145488f9e8b2c1,9ca9ba4f15359aa5ea96ba4c3d6bed9439d0346e,6e4cc504f969098e263cfa8e7c43240e9575a3f72f0641ba39da22794ea9870d,canonical Postgres historical read model via read_historical_bars; REC-A1 event dataset preserved
atr14_pct,VOLATILITY,AVAILABLE,fixed DEVELOPMENT_AVAILABLE quartiles Q1-Q4; no cutoff search,0.027597911620550527,0.04036219664198255,0.054345687061383936,Q1,220,147,35,0.8076923076923077,0.19230769230769232,TASK-WS3-CORE-V0-A1-EX-ANTE-SUCCESS-VS-FAILED-BREAKOUT-DISCRIMINATION-RESEARCH-20260818,3ab70b612cbb30335b43a5650d145488f9e8b2c1,9ca9ba4f15359aa5ea96ba4c3d6bed9439d0346e,6e4cc504f969098e263cfa8e7c43240e9575a3f72f0641ba39da22794ea9870d,canonical Postgres historical read model via read_historical_bars; REC-A1 event dataset preserved
atr14_pct,VOLATILITY,AVAILABLE,fixed DEVELOPMENT_AVAILABLE quartiles Q1-Q4; no cutoff search,0.027597911620550527,0.04036219664198255,0.054345687061383936,Q2,163,80,60,0.5714285714285714,0.42857142857142855,TASK-WS3-CORE-V0-A1-EX-ANTE-SUCCESS-VS-FAILED-BREAKOUT-DISCRIMINATION-RESEARCH-20260818,3ab70b612cbb30335b43a5650d145488f9e8b2c1,9ca9ba4f15359aa5ea96ba4c3d6bed9439d0346e,6e4cc504f969098e263cfa8e7c43240e9575a3f72f0641ba39da22794ea9870d,canonical Postgres historical read model via read_historical_bars; REC-A1 event dataset preserved
atr14_pct,VOLATILITY,AVAILABLE,fixed DEVELOPMENT_AVAILABLE quartiles Q1-Q4; no cutoff search,0.027597911620550527,0.04036219664198255,0.054345687061383936,Q3,163,87,55,0.6126760563380281,0.3873239436619718,TASK-WS3-CORE-V0-A1-EX-ANTE-SUCCESS-VS-FAILED-BREAKOUT-DISCRIMINATION-RESEARCH-20260818,3ab70b612cbb30335b43a5650d145488f9e8b2c1,9ca9ba4f15359aa5ea96ba4c3d6bed9439d0346e,6e4cc504f969098e263cfa8e7c43240e9575a3f72f0641ba39da22794ea9870d,canonical Postgres historical read model via read_historical_bars; REC-A1 event dataset preserved
atr14_pct,VOLATILITY,AVAILABLE,fixed DEVELOPMENT_AVAILABLE quartiles Q1-Q4; no cutoff search,0.027597911620550527,0.04036219664198255,0.054345687061383936,Q4,154,72,64,0.5294117647058824,0.47058823529411764,TASK-WS3-CORE-V0-A1-EX-ANTE-SUCCESS-VS-FAILED-BREAKOUT-DISCRIMINATION-RESEARCH-20260818,3ab70b612cbb30335b43a5650d145488f9e8b2c1,9ca9ba4f15359aa5ea96ba4c3d6bed9439d0346e,6e4cc504f969098e263cfa8e7c43240e9575a3f72f0641ba39da22794ea9870d,canonical Postgres historical read model via read_historical_bars; REC-A1 event dataset preserved
realized_volatility_20,VOLATILITY,AVAILABLE,fixed DEVELOPMENT_AVAILABLE quartiles Q1-Q4; no cutoff search,0.018718784116723525,0.029288301616812153,0.04353844126595917,Q1,215,148,35,0.8087431693989071,0.1912568306010929,TASK-WS3-CORE-V0-A1-EX-ANTE-SUCCESS-VS-FAILED-BREAKOUT-DISCRIMINATION-RESEARCH-20260818,3ab70b612cbb30335b43a5650d145488f9e8b2c1,9ca9ba4f15359aa5ea96ba4c3d6bed9439d0346e,6e4cc504f969098e263cfa8e7c43240e9575a3f72f0641ba39da22794ea9870d,canonical Postgres historical read model via read_historical_bars; REC-A1 event dataset preserved
realized_volatility_20,VOLATILITY,AVAILABLE,fixed DEVELOPMENT_AVAILABLE quartiles Q1-Q4; no cutoff search,0.018718784116723525,0.029288301616812153,0.04353844126595917,Q2,163,80,58,0.5797101449275363,0.42028985507246375,TASK-WS3-CORE-V0-A1-EX-ANTE-SUCCESS-VS-FAILED-BREAKOUT-DISCRIMINATION-RESEARCH-20260818,3ab70b612cbb30335b43a5650d145488f9e8b2c1,9ca9ba4f15359aa5ea96ba4c3d6bed9439d0346e,6e4cc504f969098e263cfa8e7c43240e9575a3f72f0641ba39da22794ea9870d,canonical Postgres historical read model via read_historical_bars; REC-A1 event dataset preserved
realized_volatility_20,VOLATILITY,AVAILABLE,fixed DEVELOPMENT_AVAILABLE quartiles Q1-Q4; no cutoff search,0.018718784116723525,0.029288301616812153,0.04353844126595917,Q3,153,82,54,0.6029411764705882,0.39705882352941174,TASK-WS3-CORE-V0-A1-EX-ANTE-SUCCESS-VS-FAILED-BREAKOUT-DISCRIMINATION-RESEARCH-20260818,3ab70b612cbb30335b43a5650d145488f9e8b2c1,9ca9ba4f15359aa5ea96ba4c3d6bed9439d0346e,6e4cc504f969098e263cfa8e7c43240e9575a3f72f0641ba39da22794ea9870d,canonical Postgres historical read model via read_historical_bars; REC-A1 event dataset preserved
realized_volatility_20,VOLATILITY,AVAILABLE,fixed DEVELOPMENT_AVAILABLE quartiles Q1-Q4; no cutoff search,0.018718784116723525,0.029288301616812153,0.04353844126595917,Q4,169,76,67,0.5314685314685315,0.46853146853146854,TASK-WS3-CORE-V0-A1-EX-ANTE-SUCCESS-VS-FAILED-BREAKOUT-DISCRIMINATION-RESEARCH-20260818,3ab70b612cbb30335b43a5650d145488f9e8b2c1,9ca9ba4f15359aa5ea96ba4c3d6bed9439d0346e,6e4cc504f969098e263cfa8e7c43240e9575a3f72f0641ba39da22794ea9870d,canonical Postgres historical read model via read_historical_bars; REC-A1 event dataset preserved
range_compression_5_vs20,VOLATILITY,AVAILABLE,fixed DEVELOPMENT_AVAILABLE quartiles Q1-Q4; no cutoff search,-0.07605564858946284,0.044405651242835235,0.19208811787195862,Q1,190,117,41,0.740506329113924,0.25949367088607594,TASK-WS3-CORE-V0-A1-EX-ANTE-SUCCESS-VS-FAILED-BREAKOUT-DISCRIMINATION-RESEARCH-20260818,3ab70b612cbb30335b43a5650d145488f9e8b2c1,9ca9ba4f15359aa5ea96ba4c3d6bed9439d0346e,6e4cc504f969098e263cfa8e7c43240e9575a3f72f0641ba39da22794ea9870d,canonical Postgres historical read model via read_historical_bars; REC-A1 event dataset preserved
range_compression_5_vs20,VOLATILITY,AVAILABLE,fixed DEVELOPMENT_AVAILABLE quartiles Q1-Q4; no cutoff search,-0.07605564858946284,0.044405651242835235,0.19208811787195862,Q2,167,94,53,0.6394557823129252,0.36054421768707484,TASK-WS3-CORE-V0-A1-EX-ANTE-SUCCESS-VS-FAILED-BREAKOUT-DISCRIMINATION-RESEARCH-20260818,3ab70b612cbb30335b43a5650d145488f9e8b2c1,9ca9ba4f15359aa5ea96ba4c3d6bed9439d0346e,6e4cc504f969098e263cfa8e7c43240e9575a3f72f0641ba39da22794ea9870d,canonical Postgres historical read model via read_historical_bars; REC-A1 event dataset preserved
range_compression_5_vs20,VOLATILITY,AVAILABLE,fixed DEVELOPMENT_AVAILABLE quartiles Q1-Q4; no cutoff search,-0.07605564858946284,0.044405651242835235,0.19208811787195862,Q3,178,98,62,0.6125,0.3875,TASK-WS3-CORE-V0-A1-EX-ANTE-SUCCESS-VS-FAILED-BREAKOUT-DISCRIMINATION-RESEARCH-20260818,3ab70b612cbb30335b43a5650d145488f9e8b2c1,9ca9ba4f15359aa5ea96ba4c3d6bed9439d0346e,6e4cc504f969098e263cfa8e7c43240e9575a3f72f0641ba39da22794ea9870d,canonical Postgres historical read model via read_historical_bars; REC-A1 event dataset preserved
range_compression_5_vs20,VOLATILITY,AVAILABLE,fixed DEVELOPMENT_AVAILABLE quartiles Q1-Q4; no cutoff search,-0.07605564858946284,0.044405651242835235,0.19208811787195862,Q4,165,77,58,0.5703703703703704,0.42962962962962964,TASK-WS3-CORE-V0-A1-EX-ANTE-SUCCESS-VS-FAILED-BREAKOUT-DISCRIMINATION-RESEARCH-20260818,3ab70b612cbb30335b43a5650d145488f9e8b2c1,9ca9ba4f15359aa5ea96ba4c3d6bed9439d0346e,6e4cc504f969098e263cfa8e7c43240e9575a3f72f0641ba39da22794ea9870d,canonical Postgres historical read model via read_historical_bars; REC-A1 event dataset preserved
candle_body_range_fraction,CANDLE_REJECTION,AVAILABLE,fixed DEVELOPMENT_AVAILABLE quartiles Q1-Q4; no cutoff search,0.2099780701754386,0.45454545454545453,0.7222222222222222,Q1,165,91,52,0.6363636363636364,0.36363636363636365,TASK-WS3-CORE-V0-A1-EX-ANTE-SUCCESS-VS-FAILED-BREAKOUT-DISCRIMINATION-RESEARCH-20260818,3ab70b612cbb30335b43a5650d145488f9e8b2c1,9ca9ba4f15359aa5ea96ba4c3d6bed9439d0346e,6e4cc504f969098e263cfa8e7c43240e9575a3f72f0641ba39da22794ea9870d,canonical Postgres historical read model via read_historical_bars; REC-A1 event dataset preserved
candle_body_range_fraction,CANDLE_REJECTION,AVAILABLE,fixed DEVELOPMENT_AVAILABLE quartiles Q1-Q4; no cutoff search,0.2099780701754386,0.45454545454545453,0.7222222222222222,Q2,182,90,61,0.5960264900662252,0.40397350993377484,TASK-WS3-CORE-V0-A1-EX-ANTE-SUCCESS-VS-FAILED-BREAKOUT-DISCRIMINATION-RESEARCH-20260818,3ab70b612cbb30335b43a5650d145488f9e8b2c1,9ca9ba4f15359aa5ea96ba4c3d6bed9439d0346e,6e4cc504f969098e263cfa8e7c43240e9575a3f72f0641ba39da22794ea9870d,canonical Postgres historical read model via read_historical_bars; REC-A1 event dataset preserved
candle_body_range_fraction,CANDLE_REJECTION,AVAILABLE,fixed DEVELOPMENT_AVAILABLE quartiles Q1-Q4; no cutoff search,0.2099780701754386,0.45454545454545453,0.7222222222222222,Q3,188,106,51,0.6751592356687898,0.3248407643312102,TASK-WS3-CORE-V0-A1-EX-ANTE-SUCCESS-VS-FAILED-BREAKOUT-DISCRIMINATION-RESEARCH-20260818,3ab70b612cbb30335b43a5650d145488f9e8b2c1,9ca9ba4f15359aa5ea96ba4c3d6bed9439d0346e,6e4cc504f969098e263cfa8e7c43240e9575a3f72f0641ba39da22794ea9870d,canonical Postgres historical read model via read_historical_bars; REC-A1 event dataset preserved
candle_body_range_fraction,CANDLE_REJECTION,AVAILABLE,fixed DEVELOPMENT_AVAILABLE quartiles Q1-Q4; no cutoff search,0.2099780701754386,0.45454545454545453,0.7222222222222222,Q4,160,95,49,0.6597222222222222,0.3402777777777778,TASK-WS3-CORE-V0-A1-EX-ANTE-SUCCESS-VS-FAILED-BREAKOUT-DISCRIMINATION-RESEARCH-20260818,3ab70b612cbb30335b43a5650d145488f9e8b2c1,9ca9ba4f15359aa5ea96ba4c3d6bed9439d0346e,6e4cc504f969098e263cfa8e7c43240e9575a3f72f0641ba39da22794ea9870d,canonical Postgres historical read model via read_historical_bars; REC-A1 event dataset preserved
upper_wick_range_fraction,CANDLE_REJECTION,AVAILABLE,fixed DEVELOPMENT_AVAILABLE quartiles Q1-Q4; no cutoff search,0.0,0.20988258317025438,0.4166666666666667,Q1,182,123,44,0.7365269461077845,0.2634730538922156,TASK-WS3-CORE-V0-A1-EX-ANTE-SUCCESS-VS-FAILED-BREAKOUT-DISCRIMINATION-RESEARCH-20260818,3ab70b612cbb30335b43a5650d145488f9e8b2c1,9ca9ba4f15359aa5ea96ba4c3d6bed9439d0346e,6e4cc504f969098e263cfa8e7c43240e9575a3f72f0641ba39da22794ea9870d,canonical Postgres historical read model via read_historical_bars; REC-A1 event dataset preserved
upper_wick_range_fraction,CANDLE_REJECTION,AVAILABLE,fixed DEVELOPMENT_AVAILABLE quartiles Q1-Q4; no cutoff search,0.0,0.20988258317025438,0.4166666666666667,Q2,157,88,47,0.6518518518518519,0.34814814814814815,TASK-WS3-CORE-V0-A1-EX-ANTE-SUCCESS-VS-FAILED-BREAKOUT-DISCRIMINATION-RESEARCH-20260818,3ab70b612cbb30335b43a5650d145488f9e8b2c1,9ca9ba4f15359aa5ea96ba4c3d6bed9439d0346e,6e4cc504f969098e263cfa8e7c43240e9575a3f72f0641ba39da22794ea9870d,canonical Postgres historical read model via read_historical_bars; REC-A1 event dataset preserved
upper_wick_range_fraction,CANDLE_REJECTION,AVAILABLE,fixed DEVELOPMENT_AVAILABLE quartiles Q1-Q4; no cutoff search,0.0,0.20988258317025438,0.4166666666666667,Q3,169,87,52,0.6258992805755396,0.37410071942446044,TASK-WS3-CORE-V0-A1-EX-ANTE-SUCCESS-VS-FAILED-BREAKOUT-DISCRIMINATION-RESEARCH-20260818,3ab70b612cbb30335b43a5650d145488f9e8b2c1,9ca9ba4f15359aa5ea96ba4c3d6bed9439d0346e,6e4cc504f969098e263cfa8e7c43240e9575a3f72f0641ba39da22794ea9870d,canonical Postgres historical read model via read_historical_bars; REC-A1 event dataset preserved
upper_wick_range_fraction,CANDLE_REJECTION,AVAILABLE,fixed DEVELOPMENT_AVAILABLE quartiles Q1-Q4; no cutoff search,0.0,0.20988258317025438,0.4166666666666667,Q4,187,84,70,0.5454545454545454,0.45454545454545453,TASK-WS3-CORE-V0-A1-EX-ANTE-SUCCESS-VS-FAILED-BREAKOUT-DISCRIMINATION-RESEARCH-20260818,3ab70b612cbb30335b43a5650d145488f9e8b2c1,9ca9ba4f15359aa5ea96ba4c3d6bed9439d0346e,6e4cc504f969098e263cfa8e7c43240e9575a3f72f0641ba39da22794ea9870d,canonical Postgres historical read model via read_historical_bars; REC-A1 event dataset preserved
lower_wick_range_fraction,CANDLE_REJECTION,AVAILABLE,fixed DEVELOPMENT_AVAILABLE quartiles Q1-Q4; no cutoff search,0.06986235595390525,0.2222222222222222,0.42857142857142855,Q1,183,98,60,0.620253164556962,0.379746835443038,TASK-WS3-CORE-V0-A1-EX-ANTE-SUCCESS-VS-FAILED-BREAKOUT-DISCRIMINATION-RESEARCH-20260818,3ab70b612cbb30335b43a5650d145488f9e8b2c1,9ca9ba4f15359aa5ea96ba4c3d6bed9439d0346e,6e4cc504f969098e263cfa8e7c43240e9575a3f72f0641ba39da22794ea9870d,canonical Postgres historical read model via read_historical_bars; REC-A1 event dataset preserved
lower_wick_range_fraction,CANDLE_REJECTION,AVAILABLE,fixed DEVELOPMENT_AVAILABLE quartiles Q1-Q4; no cutoff search,0.06986235595390525,0.2222222222222222,0.42857142857142855,Q2,177,87,63,0.58,0.42,TASK-WS3-CORE-V0-A1-EX-ANTE-SUCCESS-VS-FAILED-BREAKOUT-DISCRIMINATION-RESEARCH-20260818,3ab70b612cbb30335b43a5650d145488f9e8b2c1,9ca9ba4f15359aa5ea96ba4c3d6bed9439d0346e,6e4cc504f969098e263cfa8e7c43240e9575a3f72f0641ba39da22794ea9870d,canonical Postgres historical read model via read_historical_bars; REC-A1 event dataset preserved
lower_wick_range_fraction,CANDLE_REJECTION,AVAILABLE,fixed DEVELOPMENT_AVAILABLE quartiles Q1-Q4; no cutoff search,0.06986235595390525,0.2222222222222222,0.42857142857142855,Q3,165,85,50,0.6296296296296297,0.37037037037037035,TASK-WS3-CORE-V0-A1-EX-ANTE-SUCCESS-VS-FAILED-BREAKOUT-DISCRIMINATION-RESEARCH-20260818,3ab70b612cbb30335b43a5650d145488f9e8b2c1,9ca9ba4f15359aa5ea96ba4c3d6bed9439d0346e,6e4cc504f969098e263cfa8e7c43240e9575a3f72f0641ba39da22794ea9870d,canonical Postgres historical read model via read_historical_bars; REC-A1 event dataset preserved
lower_wick_range_fraction,CANDLE_REJECTION,AVAILABLE,fixed DEVELOPMENT_AVAILABLE quartiles Q1-Q4; no cutoff search,0.06986235595390525,0.2222222222222222,0.42857142857142855,Q4,170,112,40,0.7368421052631579,0.2631578947368421,TASK-WS3-CORE-V0-A1-EX-ANTE-SUCCESS-VS-FAILED-BREAKOUT-DISCRIMINATION-RESEARCH-20260818,3ab70b612cbb30335b43a5650d145488f9e8b2c1,9ca9ba4f15359aa5ea96ba4c3d6bed9439d0346e,6e4cc504f969098e263cfa8e7c43240e9575a3f72f0641ba39da22794ea9870d,canonical Postgres historical read model via read_historical_bars; REC-A1 event dataset preserved
close_location_value,CANDLE_REJECTION,AVAILABLE,fixed DEVELOPMENT_AVAILABLE quartiles Q1-Q4; no cutoff search,0.4486111111111111,0.6956521739130435,0.9319717444717445,Q1,188,80,66,0.547945205479452,0.4520547945205479,TASK-WS3-CORE-V0-A1-EX-ANTE-SUCCESS-VS-FAILED-BREAKOUT-DISCRIMINATION-RESEARCH-20260818,3ab70b612cbb30335b43a5650d145488f9e8b2c1,9ca9ba4f15359aa5ea96ba4c3d6bed9439d0346e,6e4cc504f969098e263cfa8e7c43240e9575a3f72f0641ba39da22794ea9870d,canonical Postgres historical read model via read_historical_bars; REC-A1 event dataset preserved
close_location_value,CANDLE_REJECTION,AVAILABLE,fixed DEVELOPMENT_AVAILABLE quartiles Q1-Q4; no cutoff search,0.4486111111111111,0.6956521739130435,0.9319717444717445,Q2,167,91,56,0.6190476190476191,0.38095238095238093,TASK-WS3-CORE-V0-A1-EX-ANTE-SUCCESS-VS-FAILED-BREAKOUT-DISCRIMINATION-RESEARCH-20260818,3ab70b612cbb30335b43a5650d145488f9e8b2c1,9ca9ba4f15359aa5ea96ba4c3d6bed9439d0346e,6e4cc504f969098e263cfa8e7c43240e9575a3f72f0641ba39da22794ea9870d,canonical Postgres historical read model via read_historical_bars; REC-A1 event dataset preserved
close_location_value,CANDLE_REJECTION,AVAILABLE,fixed DEVELOPMENT_AVAILABLE quartiles Q1-Q4; no cutoff search,0.4486111111111111,0.6956521739130435,0.9319717444717445,Q3,167,94,47,0.6666666666666666,0.3333333333333333,TASK-WS3-CORE-V0-A1-EX-ANTE-SUCCESS-VS-FAILED-BREAKOUT-DISCRIMINATION-RESEARCH-20260818,3ab70b612cbb30335b43a5650d145488f9e8b2c1,9ca9ba4f15359aa5ea96ba4c3d6bed9439d0346e,6e4cc504f969098e263cfa8e7c43240e9575a3f72f0641ba39da22794ea9870d,canonical Postgres historical read model via read_historical_bars; REC-A1 event dataset preserved
close_location_value,CANDLE_REJECTION,AVAILABLE,fixed DEVELOPMENT_AVAILABLE quartiles Q1-Q4; no cutoff search,0.4486111111111111,0.6956521739130435,0.9319717444717445,Q4,173,117,44,0.7267080745341615,0.2732919254658385,TASK-WS3-CORE-V0-A1-EX-ANTE-SUCCESS-VS-FAILED-BREAKOUT-DISCRIMINATION-RESEARCH-20260818,3ab70b612cbb30335b43a5650d145488f9e8b2c1,9ca9ba4f15359aa5ea96ba4c3d6bed9439d0346e,6e4cc504f969098e263cfa8e7c43240e9575a3f72f0641ba39da22794ea9870d,canonical Postgres historical read model via read_historical_bars; REC-A1 event dataset preserved
gap_pct,CANDLE_REJECTION,AVAILABLE,fixed DEVELOPMENT_AVAILABLE quartiles Q1-Q4; no cutoff search,0.0,0.008590191890662086,0.018711610486891385,Q1,236,141,50,0.7382198952879581,0.2617801047120419,TASK-WS3-CORE-V0-A1-EX-ANTE-SUCCESS-VS-FAILED-BREAKOUT-DISCRIMINATION-RESEARCH-20260818,3ab70b612cbb30335b43a5650d145488f9e8b2c1,9ca9ba4f15359aa5ea96ba4c3d6bed9439d0346e,6e4cc504f969098e263cfa8e7c43240e9575a3f72f0641ba39da22794ea9870d,canonical Postgres historical read model via read_historical_bars; REC-A1 event dataset preserved
gap_pct,CANDLE_REJECTION,AVAILABLE,fixed DEVELOPMENT_AVAILABLE quartiles Q1-Q4; no cutoff search,0.0,0.008590191890662086,0.018711610486891385,Q2,174,94,55,0.6308724832214765,0.3691275167785235,TASK-WS3-CORE-V0-A1-EX-ANTE-SUCCESS-VS-FAILED-BREAKOUT-DISCRIMINATION-RESEARCH-20260818,3ab70b612cbb30335b43a5650d145488f9e8b2c1,9ca9ba4f15359aa5ea96ba4c3d6bed9439d0346e,6e4cc504f969098e263cfa8e7c43240e9575a3f72f0641ba39da22794ea9870d,canonical Postgres historical read model via read_historical_bars; REC-A1 event dataset preserved
gap_pct,CANDLE_REJECTION,AVAILABLE,fixed DEVELOPMENT_AVAILABLE quartiles Q1-Q4; no cutoff search,0.0,0.008590191890662086,0.018711610486891385,Q3,144,71,59,0.5461538461538461,0.45384615384615384,TASK-WS3-CORE-V0-A1-EX-ANTE-SUCCESS-VS-FAILED-BREAKOUT-DISCRIMINATION-RESEARCH-20260818,3ab70b612cbb30335b43a5650d145488f9e8b2c1,9ca9ba4f15359aa5ea96ba4c3d6bed9439d0346e,6e4cc504f969098e263cfa8e7c43240e9575a3f72f0641ba39da22794ea9870d,canonical Postgres historical read model via read_historical_bars; REC-A1 event dataset preserved
gap_pct,CANDLE_REJECTION,AVAILABLE,fixed DEVELOPMENT_AVAILABLE quartiles Q1-Q4; no cutoff search,0.0,0.008590191890662086,0.018711610486891385,Q4,146,80,50,0.6153846153846154,0.38461538461538464,TASK-WS3-CORE-V0-A1-EX-ANTE-SUCCESS-VS-FAILED-BREAKOUT-DISCRIMINATION-RESEARCH-20260818,3ab70b612cbb30335b43a5650d145488f9e8b2c1,9ca9ba4f15359aa5ea96ba4c3d6bed9439d0346e,6e4cc504f969098e263cfa8e7c43240e9575a3f72f0641ba39da22794ea9870d,canonical Postgres historical read model via read_historical_bars; REC-A1 event dataset preserved
rsi14,TECHNICAL_INDICATORS,AVAILABLE,fixed DEVELOPMENT_AVAILABLE quartiles Q1-Q4; no cutoff search,59.69310109647842,63.72747439627812,66.66106697882526,Q1,239,138,59,0.700507614213198,0.29949238578680204,TASK-WS3-CORE-V0-A1-EX-ANTE-SUCCESS-VS-FAILED-BREAKOUT-DISCRIMINATION-RESEARCH-20260818,3ab70b612cbb30335b43a5650d145488f9e8b2c1,9ca9ba4f15359aa5ea96ba4c3d6bed9439d0346e,6e4cc504f969098e263cfa8e7c43240e9575a3f72f0641ba39da22794ea9870d,canonical Postgres historical read model via read_historical_bars; REC-A1 event dataset preserved
rsi14,TECHNICAL_INDICATORS,AVAILABLE,fixed DEVELOPMENT_AVAILABLE quartiles Q1-Q4; no cutoff search,59.69310109647842,63.72747439627812,66.66106697882526,Q2,185,90,63,0.5882352941176471,0.4117647058823529,TASK-WS3-CORE-V0-A1-EX-ANTE-SUCCESS-VS-FAILED-BREAKOUT-DISCRIMINATION-RESEARCH-20260818,3ab70b612cbb30335b43a5650d145488f9e8b2c1,9ca9ba4f15359aa5ea96ba4c3d6bed9439d0346e,6e4cc504f969098e263cfa8e7c43240e9575a3f72f0641ba39da22794ea9870d,canonical Postgres historical read model via read_historical_bars; REC-A1 event dataset preserved
rsi14,TECHNICAL_INDICATORS,AVAILABLE,fixed DEVELOPMENT_AVAILABLE quartiles Q1-Q4; no cutoff search,59.69310109647842,63.72747439627812,66.66106697882526,Q3,142,83,44,0.6535433070866141,0.3464566929133858,TASK-WS3-CORE-V0-A1-EX-ANTE-SUCCESS-VS-FAILED-BREAKOUT-DISCRIMINATION-RESEARCH-20260818,3ab70b612cbb30335b43a5650d145488f9e8b2c1,9ca9ba4f15359aa5ea96ba4c3d6bed9439d0346e,6e4cc504f969098e263cfa8e7c43240e9575a3f72f0641ba39da22794ea9870d,canonical Postgres historical read model via read_historical_bars; REC-A1 event dataset preserved
rsi14,TECHNICAL_INDICATORS,AVAILABLE,fixed DEVELOPMENT_AVAILABLE quartiles Q1-Q4; no cutoff search,59.69310109647842,63.72747439627812,66.66106697882526,Q4,134,75,48,0.6097560975609756,0.3902439024390244,TASK-WS3-CORE-V0-A1-EX-ANTE-SUCCESS-VS-FAILED-BREAKOUT-DISCRIMINATION-RESEARCH-20260818,3ab70b612cbb30335b43a5650d145488f9e8b2c1,9ca9ba4f15359aa5ea96ba4c3d6bed9439d0346e,6e4cc504f969098e263cfa8e7c43240e9575a3f72f0641ba39da22794ea9870d,canonical Postgres historical read model via read_historical_bars; REC-A1 event dataset preserved
macd_line_12_26,TECHNICAL_INDICATORS,AVAILABLE,fixed DEVELOPMENT_AVAILABLE quartiles Q1-Q4; no cutoff search,0.3044859159990399,1.210242981098352,5.6312883109549094,Q1,224,139,45,0.7554347826086957,0.24456521739130435,TASK-WS3-CORE-V0-A1-EX-ANTE-SUCCESS-VS-FAILED-BREAKOUT-DISCRIMINATION-RESEARCH-20260818,3ab70b612cbb30335b43a5650d145488f9e8b2c1,9ca9ba4f15359aa5ea96ba4c3d6bed9439d0346e,6e4cc504f969098e263cfa8e7c43240e9575a3f72f0641ba39da22794ea9870d,canonical Postgres historical read model via read_historical_bars; REC-A1 event dataset preserved
macd_line_12_26,TECHNICAL_INDICATORS,AVAILABLE,fixed DEVELOPMENT_AVAILABLE quartiles Q1-Q4; no cutoff search,0.3044859159990399,1.210242981098352,5.6312883109549094,Q2,174,83,63,0.5684931506849316,0.4315068493150685,TASK-WS3-CORE-V0-A1-EX-ANTE-SUCCESS-VS-FAILED-BREAKOUT-DISCRIMINATION-RESEARCH-20260818,3ab70b612cbb30335b43a5650d145488f9e8b2c1,9ca9ba4f15359aa5ea96ba4c3d6bed9439d0346e,6e4cc504f969098e263cfa8e7c43240e9575a3f72f0641ba39da22794ea9870d,canonical Postgres historical read model via read_historical_bars; REC-A1 event dataset preserved
macd_line_12_26,TECHNICAL_INDICATORS,AVAILABLE,fixed DEVELOPMENT_AVAILABLE quartiles Q1-Q4; no cutoff search,0.3044859159990399,1.210242981098352,5.6312883109549094,Q3,157,89,49,0.644927536231884,0.35507246376811596,TASK-WS3-CORE-V0-A1-EX-ANTE-SUCCESS-VS-FAILED-BREAKOUT-DISCRIMINATION-RESEARCH-20260818,3ab70b612cbb30335b43a5650d145488f9e8b2c1,9ca9ba4f15359aa5ea96ba4c3d6bed9439d0346e,6e4cc504f969098e263cfa8e7c43240e9575a3f72f0641ba39da22794ea9870d,canonical Postgres historical read model via read_historical_bars; REC-A1 event dataset preserved
macd_line_12_26,TECHNICAL_INDICATORS,AVAILABLE,fixed DEVELOPMENT_AVAILABLE quartiles Q1-Q4; no cutoff search,0.3044859159990399,1.210242981098352,5.6312883109549094,Q4,145,75,57,0.5681818181818182,0.4318181818181818,TASK-WS3-CORE-V0-A1-EX-ANTE-SUCCESS-VS-FAILED-BREAKOUT-DISCRIMINATION-RESEARCH-20260818,3ab70b612cbb30335b43a5650d145488f9e8b2c1,9ca9ba4f15359aa5ea96ba4c3d6bed9439d0346e,6e4cc504f969098e263cfa8e7c43240e9575a3f72f0641ba39da22794ea9870d,canonical Postgres historical read model via read_historical_bars; REC-A1 event dataset preserved
macd_histogram_12_26_9,TECHNICAL_INDICATORS,AVAILABLE,fixed DEVELOPMENT_AVAILABLE quartiles Q1-Q4; no cutoff search,0.0461611665931174,0.21885434059806957,0.6151460677760673,Q1,208,130,47,0.7344632768361582,0.2655367231638418,TASK-WS3-CORE-V0-A1-EX-ANTE-SUCCESS-VS-FAILED-BREAKOUT-DISCRIMINATION-RESEARCH-20260818,3ab70b612cbb30335b43a5650d145488f9e8b2c1,9ca9ba4f15359aa5ea96ba4c3d6bed9439d0346e,6e4cc504f969098e263cfa8e7c43240e9575a3f72f0641ba39da22794ea9870d,canonical Postgres historical read model via read_historical_bars; REC-A1 event dataset preserved
macd_histogram_12_26_9,TECHNICAL_INDICATORS,AVAILABLE,fixed DEVELOPMENT_AVAILABLE quartiles Q1-Q4; no cutoff search,0.0461611665931174,0.21885434059806957,0.6151460677760673,Q2,151,93,45,0.6739130434782609,0.32608695652173914,TASK-WS3-CORE-V0-A1-EX-ANTE-SUCCESS-VS-FAILED-BREAKOUT-DISCRIMINATION-RESEARCH-20260818,3ab70b612cbb30335b43a5650d145488f9e8b2c1,9ca9ba4f15359aa5ea96ba4c3d6bed9439d0346e,6e4cc504f969098e263cfa8e7c43240e9575a3f72f0641ba39da22794ea9870d,canonical Postgres historical read model via read_historical_bars; REC-A1 event dataset preserved
macd_histogram_12_26_9,TECHNICAL_INDICATORS,AVAILABLE,fixed DEVELOPMENT_AVAILABLE quartiles Q1-Q4; no cutoff search,0.0461611665931174,0.21885434059806957,0.6151460677760673,Q3,153,90,44,0.6716417910447762,0.3283582089552239,TASK-WS3-CORE-V0-A1-EX-ANTE-SUCCESS-VS-FAILED-BREAKOUT-DISCRIMINATION-RESEARCH-20260818,3ab70b612cbb30335b43a5650d145488f9e8b2c1,9ca9ba4f15359aa5ea96ba4c3d6bed9439d0346e,6e4cc504f969098e263cfa8e7c43240e9575a3f72f0641ba39da22794ea9870d,canonical Postgres historical read model via read_historical_bars; REC-A1 event dataset preserved
macd_histogram_12_26_9,TECHNICAL_INDICATORS,AVAILABLE,fixed DEVELOPMENT_AVAILABLE quartiles Q1-Q4; no cutoff search,0.0461611665931174,0.21885434059806957,0.6151460677760673,Q4,188,73,78,0.48344370860927155,0.5165562913907285,TASK-WS3-CORE-V0-A1-EX-ANTE-SUCCESS-VS-FAILED-BREAKOUT-DISCRIMINATION-RESEARCH-20260818,3ab70b612cbb30335b43a5650d145488f9e8b2c1,9ca9ba4f15359aa5ea96ba4c3d6bed9439d0346e,6e4cc504f969098e263cfa8e7c43240e9575a3f72f0641ba39da22794ea9870d,canonical Postgres historical read model via read_historical_bars; REC-A1 event dataset preserved
same_day_universe_breadth_above_ma60,MARKET_REGIME,AVAILABLE,fixed DEVELOPMENT_AVAILABLE quartiles Q1-Q4; no cutoff search,0.7731755424063116,0.8027613412228797,0.8224852071005917,Q1,326,173,77,0.692,0.308,TASK-WS3-CORE-V0-A1-EX-ANTE-SUCCESS-VS-FAILED-BREAKOUT-DISCRIMINATION-RESEARCH-20260818,3ab70b612cbb30335b43a5650d145488f9e8b2c1,9ca9ba4f15359aa5ea96ba4c3d6bed9439d0346e,6e4cc504f969098e263cfa8e7c43240e9575a3f72f0641ba39da22794ea9870d,canonical Postgres historical read model via read_historical_bars; REC-A1 event dataset preserved
same_day_universe_breadth_above_ma60,MARKET_REGIME,AVAILABLE,fixed DEVELOPMENT_AVAILABLE quartiles Q1-Q4; no cutoff search,0.7731755424063116,0.8027613412228797,0.8224852071005917,Q2,156,90,55,0.6206896551724138,0.3793103448275862,TASK-WS3-CORE-V0-A1-EX-ANTE-SUCCESS-VS-FAILED-BREAKOUT-DISCRIMINATION-RESEARCH-20260818,3ab70b612cbb30335b43a5650d145488f9e8b2c1,9ca9ba4f15359aa5ea96ba4c3d6bed9439d0346e,6e4cc504f969098e263cfa8e7c43240e9575a3f72f0641ba39da22794ea9870d,canonical Postgres historical read model via read_historical_bars; REC-A1 event dataset preserved
same_day_universe_breadth_above_ma60,MARKET_REGIME,AVAILABLE,fixed DEVELOPMENT_AVAILABLE quartiles Q1-Q4; no cutoff search,0.7731755424063116,0.8027613412228797,0.8224852071005917,Q3,125,74,46,0.6166666666666667,0.38333333333333336,TASK-WS3-CORE-V0-A1-EX-ANTE-SUCCESS-VS-FAILED-BREAKOUT-DISCRIMINATION-RESEARCH-20260818,3ab70b612cbb30335b43a5650d145488f9e8b2c1,9ca9ba4f15359aa5ea96ba4c3d6bed9439d0346e,6e4cc504f969098e263cfa8e7c43240e9575a3f72f0641ba39da22794ea9870d,canonical Postgres historical read model via read_historical_bars; REC-A1 event dataset preserved
same_day_universe_breadth_above_ma60,MARKET_REGIME,AVAILABLE,fixed DEVELOPMENT_AVAILABLE quartiles Q1-Q4; no cutoff search,0.7731755424063116,0.8027613412228797,0.8224852071005917,Q4,93,49,36,0.5764705882352941,0.4235294117647059,TASK-WS3-CORE-V0-A1-EX-ANTE-SUCCESS-VS-FAILED-BREAKOUT-DISCRIMINATION-RESEARCH-20260818,3ab70b612cbb30335b43a5650d145488f9e8b2c1,9ca9ba4f15359aa5ea96ba4c3d6bed9439d0346e,6e4cc504f969098e263cfa8e7c43240e9575a3f72f0641ba39da22794ea9870d,canonical Postgres historical read model via read_historical_bars; REC-A1 event dataset preserved
same_day_universe_median_return_1d,MARKET_REGIME,AVAILABLE,fixed DEVELOPMENT_AVAILABLE quartiles Q1-Q4; no cutoff search,-0.0071090047393364926,0.009625668449197862,0.022364217252396165,Q1,190,108,56,0.6585365853658537,0.34146341463414637,TASK-WS3-CORE-V0-A1-EX-ANTE-SUCCESS-VS-FAILED-BREAKOUT-DISCRIMINATION-RESEARCH-20260818,3ab70b612cbb30335b43a5650d145488f9e8b2c1,9ca9ba4f15359aa5ea96ba4c3d6bed9439d0346e,6e4cc504f969098e263cfa8e7c43240e9575a3f72f0641ba39da22794ea9870d,canonical Postgres historical read model via read_historical_bars; REC-A1 event dataset preserved
same_day_universe_median_return_1d,MARKET_REGIME,AVAILABLE,fixed DEVELOPMENT_AVAILABLE quartiles Q1-Q4; no cutoff search,-0.0071090047393364926,0.009625668449197862,0.022364217252396165,Q2,182,92,56,0.6216216216216216,0.3783783783783784,TASK-WS3-CORE-V0-A1-EX-ANTE-SUCCESS-VS-FAILED-BREAKOUT-DISCRIMINATION-RESEARCH-20260818,3ab70b612cbb30335b43a5650d145488f9e8b2c1,9ca9ba4f15359aa5ea96ba4c3d6bed9439d0346e,6e4cc504f969098e263cfa8e7c43240e9575a3f72f0641ba39da22794ea9870d,canonical Postgres historical read model via read_historical_bars; REC-A1 event dataset preserved
same_day_universe_median_return_1d,MARKET_REGIME,AVAILABLE,fixed DEVELOPMENT_AVAILABLE quartiles Q1-Q4; no cutoff search,-0.0071090047393364926,0.009625668449197862,0.022364217252396165,Q3,208,110,65,0.6285714285714286,0.37142857142857144,TASK-WS3-CORE-V0-A1-EX-ANTE-SUCCESS-VS-FAILED-BREAKOUT-DISCRIMINATION-RESEARCH-20260818,3ab70b612cbb30335b43a5650d145488f9e8b2c1,9ca9ba4f15359aa5ea96ba4c3d6bed9439d0346e,6e4cc504f969098e263cfa8e7c43240e9575a3f72f0641ba39da22794ea9870d,canonical Postgres historical read model via read_historical_bars; REC-A1 event dataset preserved
same_day_universe_median_return_1d,MARKET_REGIME,AVAILABLE,fixed DEVELOPMENT_AVAILABLE quartiles Q1-Q4; no cutoff search,-0.0071090047393364926,0.009625668449197862,0.022364217252396165,Q4,120,76,37,0.672566371681416,0.3274336283185841,TASK-WS3-CORE-V0-A1-EX-ANTE-SUCCESS-VS-FAILED-BREAKOUT-DISCRIMINATION-RESEARCH-20260818,3ab70b612cbb30335b43a5650d145488f9e8b2c1,9ca9ba4f15359aa5ea96ba4c3d6bed9439d0346e,6e4cc504f969098e263cfa8e7c43240e9575a3f72f0641ba39da22794ea9870d,canonical Postgres historical read model via read_historical_bars; REC-A1 event dataset preserved
same_day_universe_median_return_5d,MARKET_REGIME,AVAILABLE,fixed DEVELOPMENT_AVAILABLE quartiles Q1-Q4; no cutoff search,0.004,0.022274325908558032,0.04861111111111111,Q1,244,147,66,0.6901408450704225,0.30985915492957744,TASK-WS3-CORE-V0-A1-EX-ANTE-SUCCESS-VS-FAILED-BREAKOUT-DISCRIMINATION-RESEARCH-20260818,3ab70b612cbb30335b43a5650d145488f9e8b2c1,9ca9ba4f15359aa5ea96ba4c3d6bed9439d0346e,6e4cc504f969098e263cfa8e7c43240e9575a3f72f0641ba39da22794ea9870d,canonical Postgres historical read model via read_historical_bars; REC-A1 event dataset preserved
same_day_universe_median_return_5d,MARKET_REGIME,AVAILABLE,fixed DEVELOPMENT_AVAILABLE quartiles Q1-Q4; no cutoff search,0.004,0.022274325908558032,0.04861111111111111,Q2,115,74,36,0.6727272727272727,0.32727272727272727,TASK-WS3-CORE-V0-A1-EX-ANTE-SUCCESS-VS-FAILED-BREAKOUT-DISCRIMINATION-RESEARCH-20260818,3ab70b612cbb30335b43a5650d145488f9e8b2c1,9ca9ba4f15359aa5ea96ba4c3d6bed9439d0346e,6e4cc504f969098e263cfa8e7c43240e9575a3f72f0641ba39da22794ea9870d,canonical Postgres historical read model via read_historical_bars; REC-A1 event dataset preserved
same_day_universe_median_return_5d,MARKET_REGIME,AVAILABLE,fixed DEVELOPMENT_AVAILABLE quartiles Q1-Q4; no cutoff search,0.004,0.022274325908558032,0.04861111111111111,Q3,160,87,39,0.6904761904761905,0.30952380952380953,TASK-WS3-CORE-V0-A1-EX-ANTE-SUCCESS-VS-FAILED-BREAKOUT-DISCRIMINATION-RESEARCH-20260818,3ab70b612cbb30335b43a5650d145488f9e8b2c1,9ca9ba4f15359aa5ea96ba4c3d6bed9439d0346e,6e4cc504f969098e263cfa8e7c43240e9575a3f72f0641ba39da22794ea9870d,canonical Postgres historical read model via read_historical_bars; REC-A1 event dataset preserved
same_day_universe_median_return_5d,MARKET_REGIME,AVAILABLE,fixed DEVELOPMENT_AVAILABLE quartiles Q1-Q4; no cutoff search,0.004,0.022274325908558032,0.04861111111111111,Q4,181,78,73,0.5165562913907285,0.48344370860927155,TASK-WS3-CORE-V0-A1-EX-ANTE-SUCCESS-VS-FAILED-BREAKOUT-DISCRIMINATION-RESEARCH-20260818,3ab70b612cbb30335b43a5650d145488f9e8b2c1,9ca9ba4f15359aa5ea96ba4c3d6bed9439d0346e,6e4cc504f969098e263cfa8e7c43240e9575a3f72f0641ba39da22794ea9870d,canonical Postgres historical read model via read_historical_bars; REC-A1 event dataset preserved
same_day_signal_density,MARKET_REGIME,AVAILABLE,fixed DEVELOPMENT_AVAILABLE quartiles Q1-Q4; no cutoff search,0.023668639053254437,0.029940119760479042,0.041913214990138066,Q1,283,148,73,0.669683257918552,0.33031674208144796,TASK-WS3-CORE-V0-A1-EX-ANTE-SUCCESS-VS-FAILED-BREAKOUT-DISCRIMINATION-RESEARCH-20260818,3ab70b612cbb30335b43a5650d145488f9e8b2c1,9ca9ba4f15359aa5ea96ba4c3d6bed9439d0346e,6e4cc504f969098e263cfa8e7c43240e9575a3f72f0641ba39da22794ea9870d,canonical Postgres historical read model via read_historical_bars; REC-A1 event dataset preserved
same_day_signal_density,MARKET_REGIME,AVAILABLE,fixed DEVELOPMENT_AVAILABLE quartiles Q1-Q4; no cutoff search,0.023668639053254437,0.029940119760479042,0.041913214990138066,Q2,140,77,41,0.652542372881356,0.3474576271186441,TASK-WS3-CORE-V0-A1-EX-ANTE-SUCCESS-VS-FAILED-BREAKOUT-DISCRIMINATION-RESEARCH-20260818,3ab70b612cbb30335b43a5650d145488f9e8b2c1,9ca9ba4f15359aa5ea96ba4c3d6bed9439d0346e,6e4cc504f969098e263cfa8e7c43240e9575a3f72f0641ba39da22794ea9870d,canonical Postgres historical read model via read_historical_bars; REC-A1 event dataset preserved
same_day_signal_density,MARKET_REGIME,AVAILABLE,fixed DEVELOPMENT_AVAILABLE quartiles Q1-Q4; no cutoff search,0.023668639053254437,0.029940119760479042,0.041913214990138066,Q3,161,86,62,0.581081081081081,0.4189189189189189,TASK-WS3-CORE-V0-A1-EX-ANTE-SUCCESS-VS-FAILED-BREAKOUT-DISCRIMINATION-RESEARCH-20260818,3ab70b612cbb30335b43a5650d145488f9e8b2c1,9ca9ba4f15359aa5ea96ba4c3d6bed9439d0346e,6e4cc504f969098e263cfa8e7c43240e9575a3f72f0641ba39da22794ea9870d,canonical Postgres historical read model via read_historical_bars; REC-A1 event dataset preserved
same_day_signal_density,MARKET_REGIME,AVAILABLE,fixed DEVELOPMENT_AVAILABLE quartiles Q1-Q4; no cutoff search,0.023668639053254437,0.029940119760479042,0.041913214990138066,Q4,116,75,38,0.6637168141592921,0.336283185840708,TASK-WS3-CORE-V0-A1-EX-ANTE-SUCCESS-VS-FAILED-BREAKOUT-DISCRIMINATION-RESEARCH-20260818,3ab70b612cbb30335b43a5650d145488f9e8b2c1,9ca9ba4f15359aa5ea96ba4c3d6bed9439d0346e,6e4cc504f969098e263cfa8e7c43240e9575a3f72f0641ba39da22794ea9870d,canonical Postgres historical read model via read_historical_bars; REC-A1 event dataset preserved
trailing_20d_breadth_above_ma60,MARKET_REGIME,AVAILABLE,fixed DEVELOPMENT_AVAILABLE quartiles Q1-Q4; no cutoff search,0.7608544277547048,0.7786347563594661,0.7917718521413942,Q1,312,163,77,0.6791666666666667,0.32083333333333336,TASK-WS3-CORE-V0-A1-EX-ANTE-SUCCESS-VS-FAILED-BREAKOUT-DISCRIMINATION-RESEARCH-20260818,3ab70b612cbb30335b43a5650d145488f9e8b2c1,9ca9ba4f15359aa5ea96ba4c3d6bed9439d0346e,6e4cc504f969098e263cfa8e7c43240e9575a3f72f0641ba39da22794ea9870d,canonical Postgres historical read model via read_historical_bars; REC-A1 event dataset preserved
trailing_20d_breadth_above_ma60,MARKET_REGIME,AVAILABLE,fixed DEVELOPMENT_AVAILABLE quartiles Q1-Q4; no cutoff search,0.7608544277547048,0.7786347563594661,0.7917718521413942,Q2,167,99,57,0.6346153846153846,0.36538461538461536,TASK-WS3-CORE-V0-A1-EX-ANTE-SUCCESS-VS-FAILED-BREAKOUT-DISCRIMINATION-RESEARCH-20260818,3ab70b612cbb30335b43a5650d145488f9e8b2c1,9ca9ba4f15359aa5ea96ba4c3d6bed9439d0346e,6e4cc504f969098e263cfa8e7c43240e9575a3f72f0641ba39da22794ea9870d,canonical Postgres historical read model via read_historical_bars; REC-A1 event dataset preserved
trailing_20d_breadth_above_ma60,MARKET_REGIME,AVAILABLE,fixed DEVELOPMENT_AVAILABLE quartiles Q1-Q4; no cutoff search,0.7608544277547048,0.7786347563594661,0.7917718521413942,Q3,112,63,42,0.6,0.4,TASK-WS3-CORE-V0-A1-EX-ANTE-SUCCESS-VS-FAILED-BREAKOUT-DISCRIMINATION-RESEARCH-20260818,3ab70b612cbb30335b43a5650d145488f9e8b2c1,9ca9ba4f15359aa5ea96ba4c3d6bed9439d0346e,6e4cc504f969098e263cfa8e7c43240e9575a3f72f0641ba39da22794ea9870d,canonical Postgres historical read model via read_historical_bars; REC-A1 event dataset preserved
trailing_20d_breadth_above_ma60,MARKET_REGIME,AVAILABLE,fixed DEVELOPMENT_AVAILABLE quartiles Q1-Q4; no cutoff search,0.7608544277547048,0.7786347563594661,0.7917718521413942,Q4,109,61,38,0.6161616161616161,0.3838383838383838,TASK-WS3-CORE-V0-A1-EX-ANTE-SUCCESS-VS-FAILED-BREAKOUT-DISCRIMINATION-RESEARCH-20260818,3ab70b612cbb30335b43a5650d145488f9e8b2c1,9ca9ba4f15359aa5ea96ba4c3d6bed9439d0346e,6e4cc504f969098e263cfa8e7c43240e9575a3f72f0641ba39da22794ea9870d,canonical Postgres historical read model via read_historical_bars; REC-A1 event dataset preserved
same_day_return_5d_percentile,RELATIVE_CONTEXT,AVAILABLE,fixed DEVELOPMENT_AVAILABLE quartiles Q1-Q4; no cutoff search,0.5221893491124261,0.6753949655320561,0.7840236686390533,Q1,172,98,46,0.6805555555555556,0.3194444444444444,TASK-WS3-CORE-V0-A1-EX-ANTE-SUCCESS-VS-FAILED-BREAKOUT-DISCRIMINATION-RESEARCH-20260818,3ab70b612cbb30335b43a5650d145488f9e8b2c1,9ca9ba4f15359aa5ea96ba4c3d6bed9439d0346e,6e4cc504f969098e263cfa8e7c43240e9575a3f72f0641ba39da22794ea9870d,canonical Postgres historical read model via read_historical_bars; REC-A1 event dataset preserved
same_day_return_5d_percentile,RELATIVE_CONTEXT,AVAILABLE,fixed DEVELOPMENT_AVAILABLE quartiles Q1-Q4; no cutoff search,0.5221893491124261,0.6753949655320561,0.7840236686390533,Q2,146,85,45,0.6538461538461539,0.34615384615384615,TASK-WS3-CORE-V0-A1-EX-ANTE-SUCCESS-VS-FAILED-BREAKOUT-DISCRIMINATION-RESEARCH-20260818,3ab70b612cbb30335b43a5650d145488f9e8b2c1,9ca9ba4f15359aa5ea96ba4c3d6bed9439d0346e,6e4cc504f969098e263cfa8e7c43240e9575a3f72f0641ba39da22794ea9870d,canonical Postgres historical read model via read_historical_bars; REC-A1 event dataset preserved
same_day_return_5d_percentile,RELATIVE_CONTEXT,AVAILABLE,fixed DEVELOPMENT_AVAILABLE quartiles Q1-Q4; no cutoff search,0.5221893491124261,0.6753949655320561,0.7840236686390533,Q3,164,96,43,0.6906474820143885,0.30935251798561153,TASK-WS3-CORE-V0-A1-EX-ANTE-SUCCESS-VS-FAILED-BREAKOUT-DISCRIMINATION-RESEARCH-20260818,3ab70b612cbb30335b43a5650d145488f9e8b2c1,9ca9ba4f15359aa5ea96ba4c3d6bed9439d0346e,6e4cc504f969098e263cfa8e7c43240e9575a3f72f0641ba39da22794ea9870d,canonical Postgres historical read model via read_historical_bars; REC-A1 event dataset preserved
same_day_return_5d_percentile,RELATIVE_CONTEXT,AVAILABLE,fixed DEVELOPMENT_AVAILABLE quartiles Q1-Q4; no cutoff search,0.5221893491124261,0.6753949655320561,0.7840236686390533,Q4,218,107,80,0.5721925133689839,0.42780748663101603,TASK-WS3-CORE-V0-A1-EX-ANTE-SUCCESS-VS-FAILED-BREAKOUT-DISCRIMINATION-RESEARCH-20260818,3ab70b612cbb30335b43a5650d145488f9e8b2c1,9ca9ba4f15359aa5ea96ba4c3d6bed9439d0346e,6e4cc504f969098e263cfa8e7c43240e9575a3f72f0641ba39da22794ea9870d,canonical Postgres historical read model via read_historical_bars; REC-A1 event dataset preserved
same_day_volume_ratio_20_percentile,RELATIVE_CONTEXT,AVAILABLE,fixed DEVELOPMENT_AVAILABLE quartiles Q1-Q4; no cutoff search,0.5184040203616436,0.7554240631163708,0.8805524635303766,Q1,155,103,36,0.7410071942446043,0.2589928057553957,TASK-WS3-CORE-V0-A1-EX-ANTE-SUCCESS-VS-FAILED-BREAKOUT-DISCRIMINATION-RESEARCH-20260818,3ab70b612cbb30335b43a5650d145488f9e8b2c1,9ca9ba4f15359aa5ea96ba4c3d6bed9439d0346e,6e4cc504f969098e263cfa8e7c43240e9575a3f72f0641ba39da22794ea9870d,canonical Postgres historical read model via read_historical_bars; REC-A1 event dataset preserved
same_day_volume_ratio_20_percentile,RELATIVE_CONTEXT,AVAILABLE,fixed DEVELOPMENT_AVAILABLE quartiles Q1-Q4; no cutoff search,0.5184040203616436,0.7554240631163708,0.8805524635303766,Q2,186,113,40,0.738562091503268,0.26143790849673204,TASK-WS3-CORE-V0-A1-EX-ANTE-SUCCESS-VS-FAILED-BREAKOUT-DISCRIMINATION-RESEARCH-20260818,3ab70b612cbb30335b43a5650d145488f9e8b2c1,9ca9ba4f15359aa5ea96ba4c3d6bed9439d0346e,6e4cc504f969098e263cfa8e7c43240e9575a3f72f0641ba39da22794ea9870d,canonical Postgres historical read model via read_historical_bars; REC-A1 event dataset preserved
same_day_volume_ratio_20_percentile,RELATIVE_CONTEXT,AVAILABLE,fixed DEVELOPMENT_AVAILABLE quartiles Q1-Q4; no cutoff search,0.5184040203616436,0.7554240631163708,0.8805524635303766,Q3,180,89,62,0.5894039735099338,0.4105960264900662,TASK-WS3-CORE-V0-A1-EX-ANTE-SUCCESS-VS-FAILED-BREAKOUT-DISCRIMINATION-RESEARCH-20260818,3ab70b612cbb30335b43a5650d145488f9e8b2c1,9ca9ba4f15359aa5ea96ba4c3d6bed9439d0346e,6e4cc504f969098e263cfa8e7c43240e9575a3f72f0641ba39da22794ea9870d,canonical Postgres historical read model via read_historical_bars; REC-A1 event dataset preserved
same_day_volume_ratio_20_percentile,RELATIVE_CONTEXT,AVAILABLE,fixed DEVELOPMENT_AVAILABLE quartiles Q1-Q4; no cutoff search,0.5184040203616436,0.7554240631163708,0.8805524635303766,Q4,179,81,76,0.5159235668789809,0.4840764331210191,TASK-WS3-CORE-V0-A1-EX-ANTE-SUCCESS-VS-FAILED-BREAKOUT-DISCRIMINATION-RESEARCH-20260818,3ab70b612cbb30335b43a5650d145488f9e8b2c1,9ca9ba4f15359aa5ea96ba4c3d6bed9439d0346e,6e4cc504f969098e263cfa8e7c43240e9575a3f72f0641ba39da22794ea9870d,canonical Postgres historical read model via read_historical_bars; REC-A1 event dataset preserved
