evidence_key,dimension,source_field,current_shape,role_in_strength,quality_or_strength,status,historical_reconstructability,frontend_safe_now,leader_proxy_risk,notes
positive_breadth,Participation,diffusion.positiveBreadth,float 0..1 over valid observed members,primary participation evidence,Strength evidence,CURRENT_SHADOW_EVIDENCE,REQUIRES_PIT_MEMBER_AND_DAILY_OBSERVATION,backend raw value only with status,LOW,Positive means change_pct > 0; denominator is valid observed members in current engine.
strong_breadth,Participation/Intensity,groupStrength.strongBreadth,float 0..1; strong_member_change_pct classifier,secondary conviction/participation evidence,Strength evidence plus classifier lineage,CURRENT_SHADOW_EVIDENCE,REQUIRES_CLASSIFIER_AND_PIT_LINEAGE,raw value only; no browser label,MEDIUM,Strong breadth is a positive subset of positive breadth under current classifier and is not independent participation.
weak_ratio,Participation/Intensity,groupStrength.weakRatio,float 0..1; weak_member_change_pct classifier,counter-participation/weakness evidence,Strength evidence plus classifier lineage,CURRENT_SHADOW_EVIDENCE,REQUIRES_CLASSIFIER_AND_PIT_LINEAGE,raw counter-evidence only,LOW,Not the complement of positive breadth because flat and missing observations remain distinct.
average_change_pct,Intensity,groupStrength.averageChangePct,float percentage mean over valid observed members,primary group intensity evidence,Strength evidence,CURRENT_SHADOW_EVIDENCE,REQUIRES_PIT_MEMBER_AND_DAILY_OBSERVATION,raw value only; no level,LOW,Equal-weight mean; missing values are excluded rather than treated as zero.
leader_change_pct,Intensity,leadership.leaderChangePct,float percentage,asymmetric peak-intensity evidence only,Strength evidence with proxy caveat,CURRENT_SHADOW_EVIDENCE,REQUIRES_PIT_MEMBER_AND_ROLE_OR_PROXY_LINEAGE,show only as labelled proxy evidence, HIGH,Role-aware only if role semantics are supplied; otherwise maxObservedChange proxy.
leader_id,Intensity,leadership.leaderId,string member id,identity of observed maximum/role-aware member,provenance/context not Strength itself,CURRENT_SHADOW_EVIDENCE,REQUIRES_PIT_MEMBER_AND_PROXY_LINEAGE,do not label formal Leader, HIGH,Member identity is not a governed Leader Set membership fact.
leader_semantic_available,Intensity,leadership.leaderSemanticAvailable,boolean,controls interpretation of leader fields,quality/semantic metadata,CURRENT_SHADOW_EVIDENCE,REQUIRES_FORMAL_ROLE_AUTHORITY,disclose semantic availability, HIGH,False is the expected current state in the absence of approved role metadata.
positive_contribution_share,Intensity,leadership.positiveContributionShare,float or null,optional concentration/asymmetry context,Strength evidence but proxy-sensitive,CURRENT_SHADOW_EVIDENCE,REQUIRES_PIT_MEMBER_AND_PROXY_LINEAGE,not safe as headline strength, HIGH,Current engine derives leader change divided by positive absolute change; do not call concentration or leadership authority.
stage_trading_days,Persistence,persisted stageTradingDays,integer or null,context for state persistence,Persistence context not pure Strength,CURRENT_SHADOW_EVIDENCE,REQUIRES_STATEFUL_PIT_REPLAY,show as Lifecycle Day N only,LOW,Long stage age does not mean strong; MATURE or DECLINING can also have high age.
stage_entered_at,Persistence,persisted stageEnteredAt,date or null,anchor for stage age,quality/process metadata,Strength context,CURRENT_SHADOW_EVIDENCE,REQUIRES_STATEFUL_PIT_REPLAY,show only under Lifecycle,LOW,Does not establish duration of positive strength without a separate strength-history rule.
previous_candidate_stage,Persistence,persistence.previousCandidateStage,string or null,transition context,quality/process metadata,CURRENT_SHADOW_EVIDENCE,REQUIRES_STATEFUL_PIT_REPLAY,not a Strength field,LOW,Must remain tied to Lifecycle candidate semantics.
candidate_streak,Persistence,confirmationState.candidateStreak,integer,confirmation persistence context,quality/process metadata,CURRENT_SHADOW_EVIDENCE,REQUIRES_STATEFUL_PIT_REPLAY,not a Strength label,LOW,A streak of a candidate stage is not proof of a stronger topic.
recent_breadth_persistence,Persistence,not currently exposed,null/unavailable,desired direct persistence evidence,Strength evidence,UNAVAILABLE_UNTIL_HISTORICAL_WINDOW,do not display as zero,LOW,Requires a bounded prior-N trading-day window and PIT-safe replay; no historical information may be invented.
coverage_pct,Quality,coveragePct,float percentage,valid-observation coverage,quality metadata only,QUALITY_NOT_STRENGTH,REQUIRES_PIT_MEMBERSHIP_AND_OBSERVATION_STATUS,show as data coverage disclosure,LOW,High coverage improves reliability; it does not make returns stronger.
confidence,Quality,sampleConfidence.confidence,float 0..1,combined observation reliability,quality metadata only,QUALITY_NOT_STRENGTH,REQUIRES_PIT_MEMBERSHIP_AND_OBSERVATION_STATUS,show as confidence/quality,LOW,Engine confidence is not a market-strength value and must not become a component.
sample_confidence,Quality,sampleConfidence.sampleConfidence,float 0..1,small-sample reliability,quality metadata only,QUALITY_NOT_STRENGTH,REQUIRES_MEMBER_COUNTS_AND_PIT_OBSERVATIONS,show quality state only,LOW,Count ramp prevents 2/2 from looking equivalent to 16/20.
observed_expected_valid_counts,Quality,diffusion and sample_confidence counts,integers,denominator and data completeness,quality metadata only,CURRENT_SHADOW_EVIDENCE,REQUIRES_PIT_MEMBERSHIP_AND_OBSERVATION_STATUS,show counts if backend publishes them,LOW,Counts are needed to interpret every raw breadth/intensity field.
data_status_evaluation_status,Quality,lifecycle dataStatus/evaluationStatus,enum strings,replay/publication gate,quality metadata only,CURRENT_SHADOW_EVIDENCE,REQUIRES_PUBLICATION_ENVELOPE,show explicit unavailable/shadow status,LOW,Do not coerce unavailable to weak.
policy_calculation_lineage,Quality,policyVersion/calculationVersion/evaluationMode/lineage,version and mode fields,reproducibility and governance,quality metadata only,CURRENT_SHADOW_EVIDENCE,REQUIRES_FORMAL_LINEAGE_BINDING,disclose mode/version when available,MEDIUM,Required to keep provisional evidence separate from future approved policy.
volume_news_radar_institutional_flow,Excluded,not in current Lifecycle input,unavailable,not used in Strength V0,excluded by scope,EXCLUDED,NOT_APPLICABLE,do not add fields,LOW,No volume/news/Radar/institutional-flow input is authorized for this contract.
formal_leader_set,Excluded,not available as Lifecycle authority,unavailable,not used in Strength V0,excluded/deferred,UNAVAILABLE_FORMAL_AUTHORITY,WAITING_FORMAL_ROLE_AUTHORITY,do not display as available, HIGH,Leader proxy must not be upgraded by naming or frontend mapping.
