cohort,event_semantics,observation_window,horizon,inference_role,comparison_purpose,evidence_as_of_rule,uses_d0_evidence,anti_leakage_status,N,outcome_n,matured_n,instrument_count,topic_count,date_count,event_count,pair_count,endpoint_mean,endpoint_median,endpoint_trimmed5_mean,positive_endpoint_rate,mfe_mean,mfe_median,mae_mean,mae_median,mae_le_minus5_rate,mfe_ge_5_rate,barrier_5_up_first_rate,barrier_5_down_first_rate,barrier_5_same_session_unknown_rate,barrier_10_up_first_rate,barrier_10_down_first_rate,barrier_10_same_session_unknown_rate,baseline_N,sample_retained_pct,opportunities_removed,delta_endpoint_mean,delta_endpoint_median,delta_mae_mean,delta_mae_median,small_sample_flag
ALL_TECHNICAL,CANDIDATE_ONSET,D-3,5,PRIMARY_PRETRANSITION,Technical Signal + transition context,signal-date-only; D-3/D-2/D-1 exclude all later transition evidence,NO,PASS_D0_SEPARATED,8,8,8,8,8,7,8,0,0.05892348881180459,0.06674632980539433,0.05892348881180459,0.875,0.11288931873345304,0.09913998699139986,-0.028133961445110083,-0.02566405185207625,0.375,1.0,0.75,0.25,0.0,0.75,0.25,0.0,2480,0.0032258064516129032,2472,0.024795457270699574,0.05558089357032017,0.02750406531137956,0.021739527164102893,YES
ALL_TECHNICAL,CANDIDATE_ONSET,D-3,10,PRIMARY_PRETRANSITION,Technical Signal + transition context,signal-date-only; D-3/D-2/D-1 exclude all later transition evidence,NO,PASS_D0_SEPARATED,8,8,8,8,8,7,8,0,0.10038457798663325,0.06498502219602276,0.10038457798663325,0.75,0.17274217593442187,0.16594429152458806,-0.0283164431969349,-0.02639397885937552,0.375,1.0,0.75,0.25,0.0,0.75,0.25,0.0,2480,0.0032258064516129032,2472,0.04279473042829178,0.04210172700151475,0.05010422940577566,0.03799626504306356,YES
ALL_TECHNICAL,CANDIDATE_ONSET,D-2,5,PRIMARY_PRETRANSITION,Technical Signal + transition context,signal-date-only; D-3/D-2/D-1 exclude all later transition evidence,NO,PASS_D0_SEPARATED,10,10,10,9,8,7,8,0,0.11563552169544358,0.13360726072607265,0.11563552169544358,0.8,0.19097911330870027,0.215373300158052,-0.013832739654054835,-0.020484171322160166,0.1,0.9,0.8333333333333334,0.16666666666666666,0.0,0.6666666666666666,0.16666666666666666,0.0,2480,0.004032258064516129,2470,0.08150749015433856,0.1224418244909985,0.04180528710243481,0.026919407694018977,YES
ALL_TECHNICAL,CANDIDATE_ONSET,D-2,10,PRIMARY_PRETRANSITION,Technical Signal + transition context,signal-date-only; D-3/D-2/D-1 exclude all later transition evidence,NO,PASS_D0_SEPARATED,10,10,10,9,8,7,8,0,0.0966670612898514,0.12731014193386847,0.0966670612898514,0.8,0.2414232089423979,0.22497970682328222,-0.022043523967780306,-0.020484171322160166,0.2,0.9,0.8333333333333334,0.16666666666666666,0.0,0.6666666666666666,0.3333333333333333,0.0,2480,0.004032258064516129,2470,0.039077213731509935,0.10442684673936047,0.05637714863493025,0.04390607258027891,YES
ALL_TECHNICAL,CANDIDATE_ONSET,D-1,5,PRIMARY_PRETRANSITION,Technical Signal + transition context,signal-date-only; D-3/D-2/D-1 exclude all later transition evidence,NO,PASS_D0_SEPARATED,8,8,8,8,6,5,6,0,0.034221319346203156,0.008883803001450086,0.034221319346203156,0.625,0.09630427549211591,0.07709298011789123,-0.031544396989053404,-0.028155879850795096,0.25,0.75,0.8333333333333334,0.16666666666666666,0.0,0.16666666666666666,0.16666666666666666,0.0,2480,0.0032258064516129032,2472,9.328780509813839e-05,-0.0022816332336240697,0.024093629767436238,0.019247699165384047,YES
ALL_TECHNICAL,CANDIDATE_ONSET,D-1,10,PRIMARY_PRETRANSITION,Technical Signal + transition context,signal-date-only; D-3/D-2/D-1 exclude all later transition evidence,NO,PASS_D0_SEPARATED,8,8,8,8,6,5,6,0,0.06876263197293817,0.048291316526610645,0.06876263197293817,0.75,0.1682303120777791,0.12933706816059756,-0.035220867577288685,-0.028155879850795096,0.375,1.0,0.8333333333333334,0.16666666666666666,0.0,0.3333333333333333,0.3333333333333333,0.0,2480,0.0032258064516129032,2472,0.011172784414596695,0.025408021332102636,0.043199805025421874,0.036234364051643986,YES
ALL_TECHNICAL,CANDIDATE_ONSET,D0,5,CONTEMPORANEOUS_TRANSITION_CONDITIONED,Technical Signal + transition context,D0 separately reported; contemporaneous transition conditioned,YES,D0_SEPARATE_NOT_PREDICTIVE,41,41,41,39,23,11,23,0,0.000619467254062636,-0.008230452674897082,-0.0016113281780464207,0.43902439024390244,0.06614875775113675,0.047619047619047616,-0.050774581774107805,-0.050167224080267525,0.5121951219512195,0.4878048780487805,0.4,0.36666666666666664,0.0,0.1,0.5,0.0,2480,0.01653225806451613,2439,-0.03350856428704238,-0.019395888909971237,0.004863444982381837,-0.0027636450640883825,NO
ALL_TECHNICAL,CANDIDATE_ONSET,D0,10,CONTEMPORANEOUS_TRANSITION_CONDITIONED,Technical Signal + transition context,D0 separately reported; contemporaneous transition conditioned,YES,D0_SEPARATE_NOT_PREDICTIVE,41,41,41,39,23,11,23,0,0.014193821510240047,-0.00796812749003984,-0.008540269862841657,0.3902439024390244,0.1056795427545578,0.05263157894736836,-0.076302944141434,-0.07268170426065163,0.6829268292682927,0.5365853658536586,0.4,0.5,0.0,0.16666666666666666,0.6666666666666666,0.0,2480,0.01653225806451613,2439,-0.04339602604810142,-0.03085142268454785,0.002117728461276558,-0.008291460358212543,NO
ALL_TECHNICAL,CONFIRMED_TRANSITION,D-3,5,PRIMARY_PRETRANSITION,Technical Signal + transition context,signal-date-only; D-3/D-2/D-1 exclude all later transition evidence,NO,PASS_D0_SEPARATED,11,11,11,11,11,9,11,0,0.0916820245193608,0.09958506224066377,0.0916820245193608,0.7272727272727273,0.145637572171693,0.11409395973154357,-0.04608955865565018,-0.03526970954356856,0.36363636363636365,0.6363636363636364,0.5,0.4,0.0,0.5,0.4,0.0,2480,0.004435483870967742,2469,0.05755399297825579,0.08841962600558961,0.00954846810083946,0.012133869472610581,YES
ALL_TECHNICAL,CONFIRMED_TRANSITION,D-3,10,PRIMARY_PRETRANSITION,Technical Signal + transition context,signal-date-only; D-3/D-2/D-1 exclude all later transition evidence,NO,PASS_D0_SEPARATED,11,11,11,11,11,9,11,0,0.10573473460800953,0.03112033195020736,0.10573473460800953,0.5454545454545454,0.23218231643761592,0.16141732283464583,-0.06929235460285764,-0.06382978723404253,0.5454545454545454,0.6363636363636364,0.5,0.5,0.0,0.5,0.5,0.0,2480,0.004435483870967742,2469,0.04814488704966806,0.00823703675569935,0.00912831799985292,0.0005604566683965473,YES
ALL_TECHNICAL,CONFIRMED_TRANSITION,D-2,5,PRIMARY_PRETRANSITION,Technical Signal + transition context,signal-date-only; D-3/D-2/D-1 exclude all later transition evidence,NO,PASS_D0_SEPARATED,6,5,5,6,5,4,5,0,0.06071372059882918,0.08932038834951461,0.06071372059882918,0.8,0.14722347407934772,0.1766990291262136,-0.059596802726151824,-0.03200000000000003,0.4,1.0,1.0,0.0,0.0,1.0,0.0,0.0,2480,0.0024193548387096775,2474,0.02658568905772416,0.07815495211444046,-0.003958775969662182,0.015403579016179114,YES
ALL_TECHNICAL,CONFIRMED_TRANSITION,D-2,10,PRIMARY_PRETRANSITION,Technical Signal + transition context,signal-date-only; D-3/D-2/D-1 exclude all later transition evidence,NO,PASS_D0_SEPARATED,6,5,5,6,5,4,5,0,0.16000673055368148,0.05048543689320395,0.16000673055368148,0.8,0.27168848275488267,0.19199999999999995,-0.06930613078706013,-0.03200000000000003,0.4,1.0,1.0,0.0,0.0,1.0,0.0,0.0,2480,0.0024193548387096775,2474,0.10241688299534,0.02760214169869594,0.009114541815650426,0.03239024390243905,YES
ALL_TECHNICAL,CONFIRMED_TRANSITION,D-1,5,PRIMARY_PRETRANSITION,Technical Signal + transition context,signal-date-only; D-3/D-2/D-1 exclude all later transition evidence,NO,PASS_D0_SEPARATED,13,13,13,13,8,7,8,0,0.09467394652285445,0.07974683544303796,0.09467394652285445,0.6923076923076923,0.17984598209267533,0.13497822931785186,-0.012197349937198456,0.002902757619738683,0.15384615384615385,0.8461538461538461,0.875,0.0,0.0,0.75,0.0,0.0,2480,0.005241935483870968,2467,0.06054591498174943,0.0685813992079638,0.04344067681929119,0.050306336635917825,YES
ALL_TECHNICAL,CONFIRMED_TRANSITION,D-1,10,PRIMARY_PRETRANSITION,Technical Signal + transition context,signal-date-only; D-3/D-2/D-1 exclude all later transition evidence,NO,PASS_D0_SEPARATED,13,13,13,13,8,7,8,0,0.17627612364456918,0.15384615384615374,0.17627612364456918,0.9230769230769231,0.29174445402875343,0.2104499274310596,-0.023842872087859904,0.0015748031496062992,0.23076923076923078,1.0,1.0,0.0,0.0,0.75,0.125,0.0,2480,0.005241935483870968,2467,0.11868627608622771,0.13096285865164572,0.05457780051485066,0.06596504705204538,YES
ALL_TECHNICAL,CONFIRMED_TRANSITION,D0,5,CONTEMPORANEOUS_TRANSITION_CONDITIONED,Technical Signal + transition context,D0 separately reported; contemporaneous transition conditioned,YES,D0_SEPARATE_NOT_PREDICTIVE,42,42,42,37,20,14,20,0,0.006604028157100846,-0.002652519893899204,0.00045401112811988453,0.47619047619047616,0.0840782415995646,0.06880448985712151,-0.055047043724833156,-0.05652223443985466,0.5476190476190477,0.6904761904761905,0.5185185185185185,0.25925925925925924,0.07407407407407407,0.18518518518518517,0.5185185185185185,0.0,2480,0.016935483870967744,2438,-0.027524003384004174,-0.013817956128973359,0.0005909830316564862,-0.009118655423675515,NO
ALL_TECHNICAL,CONFIRMED_TRANSITION,D0,10,CONTEMPORANEOUS_TRANSITION_CONDITIONED,Technical Signal + transition context,D0 separately reported; contemporaneous transition conditioned,YES,D0_SEPARATE_NOT_PREDICTIVE,42,42,42,37,20,14,20,0,0.04524712788551083,-0.00466309405117965,0.032731638357562966,0.47619047619047616,0.14810269624290542,0.09962264038729168,-0.06761199717857248,-0.0726817042606516,0.6190476190476191,0.7380952380952381,0.5185185185185185,0.2962962962962963,0.07407407407407407,0.25925925925925924,0.5925925925925926,0.0,2480,0.016935483870967744,2438,-0.01234271967283064,-0.02754638924568766,0.010808675424138076,-0.008291460358212516,NO
ALL_TECHNICAL,REFERENCE,ESTABLISHED_MAIN_RISE,5,REFERENCE,Prior-口徑/reference only,reference-only,NO,REFERENCE_ONLY,485,451,451,221,53,99,0,0,0.047847364065238956,0.028795811518324665,0.04199418273000137,0.5764966740576497,0.14175280011798042,0.10657193605683846,-0.05634801645850292,-0.048355899419729176,0.4789356984478936,0.7472283813747228,0.5872093023255814,0.3168604651162791,0.05232558139534884,0.4069767441860465,0.4738372093023256,0.0,2480,0.19556451612903225,1995,0.013719332524133938,0.01763037528325051,-0.000709989702013275,-0.0009523204035500332,NO
ALL_TECHNICAL,REFERENCE,ESTABLISHED_MAIN_RISE,10,REFERENCE,Prior-口徑/reference only,reference-only,NO,REFERENCE_ONLY,485,443,443,221,53,99,0,0,0.0733355527130967,0.036423841059602724,0.06402350090425309,0.5936794582392777,0.21087762372086818,0.16533333333333333,-0.08499252550026384,-0.0744336569579288,0.6027088036117382,0.8194130925507901,0.6005917159763313,0.34023668639053256,0.05325443786982249,0.4437869822485207,0.5325443786982249,0.0,2480,0.19556451612903225,1995,0.015745705154755235,0.013540545865094716,-0.006571852897553285,-0.010043413055489725,NO
ALL_TECHNICAL,REFERENCE,NON_MAIN_RISE_BASELINE,5,BASELINE,Prior-口徑/reference only,reference-only,NO,REFERENCE_ONLY,891,859,859,300,67,115,0,0,0.029903546787854826,0.004166666666666652,0.02054833422667618,0.5145518044237486,0.11656971548352488,0.0835509138381201,-0.05719470494357562,-0.0492307692307693,0.4959254947613504,0.6623981373690337,0.534453781512605,0.32100840336134456,0.05042016806722689,0.34789915966386553,0.47394957983193275,0.0,2480,0.3592741935483871,1589,-0.004224484753250192,-0.0069987695684075035,-0.0015566781870859775,-0.0018271902145901575,NO
ALL_TECHNICAL,REFERENCE,NON_MAIN_RISE_BASELINE,10,BASELINE,Prior-口徑/reference only,reference-only,NO,REFERENCE_ONLY,891,854,854,300,67,115,0,0,0.05016319439532616,0.016548630499662955,0.03863706554722994,0.5538641686182669,0.17037004743880071,0.12280701754385961,-0.07875385302744672,-0.06331127009982213,0.585480093676815,0.7775175644028103,0.5617597292724196,0.34686971235194586,0.05245346869712352,0.4027072758037225,0.5109983079526227,0.0,2480,0.3592741935483871,1589,-0.007426653163015308,-0.006334664694845053,-0.00033318042473616527,0.001078973802616956,NO
ALL_TECHNICAL,REFERENCE,TECHNICAL_ALONE_BASELINE,5,TECHNICAL_ALONE_BASELINE,Technical signal alone,reference-only,NO,REFERENCE_ONLY,2480,2358,2358,579,79,121,0,0,0.03412803154110502,0.011165436235074155,0.026064984550707267,0.5411365564037319,0.12168086755895345,0.09090909090909091,-0.05563802675648964,-0.04740357901617914,0.4775233248515691,0.6870229007633588,0.5599527466036621,0.3071470761961016,0.0448907265209687,0.3626698168930892,0.4524512699350266,0.0,2480,1.0,0,0.0,0.0,0.0,0.0,NO
ALL_TECHNICAL,REFERENCE,TECHNICAL_ALONE_BASELINE,10,TECHNICAL_ALONE_BASELINE,Technical signal alone,reference-only,NO,REFERENCE_ONLY,2480,2337,2337,579,79,121,0,0,0.05758984755834147,0.02288329519450801,0.04623899932484557,0.566538296961917,0.18096555548153093,0.12919463087248323,-0.07842067260271056,-0.06439024390243908,0.5849379546427044,0.7796320068463842,0.5843768634466309,0.3351222420989863,0.045915324985092425,0.4180083482409064,0.5050685748360167,0.0,2480,1.0,0,0.0,0.0,0.0,0.0,NO
A2,CANDIDATE_ONSET,D-3,5,PRIMARY_PRETRANSITION,Technical Signal + transition context,signal-date-only; D-3/D-2/D-1 exclude all later transition evidence,NO,PASS_D0_SEPARATED,4,4,4,4,4,4,4,0,0.07475106081627259,0.10298402048203403,0.07475106081627259,0.75,0.1407906430254891,0.14686663822856483,-0.01733556730073979,-0.015507195197316137,0.25,1.0,0.75,0.25,0.0,0.75,0.25,0.0,1725,0.002318840579710145,1721,0.04086297146874523,0.09112612771862949,0.03662889147768409,0.031320758617826405,YES
A2,CANDIDATE_ONSET,D-3,10,PRIMARY_PRETRANSITION,Technical Signal + transition context,signal-date-only; D-3/D-2/D-1 exclude all later transition evidence,NO,PASS_D0_SEPARATED,4,4,4,4,4,4,4,0,0.1821884064084614,0.1829287963745294,0.1821884064084614,1.0,0.24688249604128815,0.23399262616176353,-0.01733556730073979,-0.015507195197316137,0.25,1.0,0.75,0.25,0.0,0.75,0.25,0.0,1725,0.002318840579710145,1721,0.12471989521434451,0.16270962762594898,0.05776973078138607,0.0485627756481648,YES
A2,CANDIDATE_ONSET,D-2,5,PRIMARY_PRETRANSITION,Technical Signal + transition context,signal-date-only; D-3/D-2/D-1 exclude all later transition evidence,NO,PASS_D0_SEPARATED,6,6,6,6,5,4,5,0,0.08871949172471033,0.11142016806722688,0.08871949172471033,0.6666666666666666,0.1732728846999616,0.199641456582633,-0.020454166589274698,-0.026242085661080106,0.16666666666666666,0.8333333333333334,0.8333333333333334,0.16666666666666666,0.0,0.6666666666666666,0.16666666666666666,0.0,1725,0.0034782608695652175,1719,0.054831402377182974,0.09956227530382233,0.03351029218914918,0.020585868154062437,YES
A2,CANDIDATE_ONSET,D-2,10,PRIMARY_PRETRANSITION,Technical Signal + transition context,signal-date-only; D-3/D-2/D-1 exclude all later transition evidence,NO,PASS_D0_SEPARATED,6,6,6,6,5,4,5,0,0.04854062532482526,0.07027932960893857,0.04854062532482526,0.6666666666666666,0.18401051308464877,0.20773184357541896,-0.034138807112150484,-0.026242085661080106,0.3333333333333333,0.8333333333333334,0.8333333333333334,0.16666666666666666,0.0,0.6666666666666666,0.3333333333333333,0.0,1725,0.0034782608695652175,1719,-0.008927885869291621,0.05006016086035814,0.04096649096997538,0.037827885184400833,YES
A2,CANDIDATE_ONSET,D-1,5,PRIMARY_PRETRANSITION,Technical Signal + transition context,signal-date-only; D-3/D-2/D-1 exclude all later transition evidence,NO,PASS_D0_SEPARATED,6,6,6,6,6,5,6,0,0.052722258832327194,0.008883803001450086,0.052722258832327194,0.6666666666666666,0.10142067414715661,0.07709298011789123,-0.012546684493974317,-0.028155879850795096,0.16666666666666666,0.8333333333333334,0.8333333333333334,0.16666666666666666,0.0,0.16666666666666666,0.16666666666666666,0.0,1725,0.0034782608695652175,1719,0.018834169484799837,-0.002974089761954457,0.041417774284449566,0.018672073964347446,YES
A2,CANDIDATE_ONSET,D-1,10,PRIMARY_PRETRANSITION,Technical Signal + transition context,signal-date-only; D-3/D-2/D-1 exclude all later transition evidence,NO,PASS_D0_SEPARATED,6,6,6,6,6,5,6,0,0.05397524680150114,0.026541264192509795,0.05397524680150114,0.6666666666666666,0.1591339871994527,0.09995044171514755,-0.017448645278288027,-0.028155879850795096,0.3333333333333333,1.0,0.8333333333333334,0.16666666666666666,0.0,0.3333333333333333,0.3333333333333333,0.0,1725,0.0034782608695652175,1719,-0.0034932643926157414,0.006322095443929365,0.05765665280383783,0.03591409099468584,YES
A2,CANDIDATE_ONSET,D0,5,CONTEMPORANEOUS_TRANSITION_CONDITIONED,Technical Signal + transition context,D0 separately reported; contemporaneous transition conditioned,YES,D0_SEPARATE_NOT_PREDICTIVE,30,30,30,30,19,10,19,0,0.0037480620267267097,0.0018382352941176405,0.002401390117114147,0.5,0.0647990284874153,0.03590329447145901,-0.047622613419670876,-0.04977497006482512,0.5,0.4666666666666667,0.4,0.36666666666666664,0.0,0.1,0.5,0.0,1725,0.017391304347826087,1695,-0.030140027320800646,-0.010019657469286902,0.006341845358753005,-0.002947016249682577,YES
A2,CANDIDATE_ONSET,D0,10,CONTEMPORANEOUS_TRANSITION_CONDITIONED,Technical Signal + transition context,D0 separately reported; contemporaneous transition conditioned,YES,D0_SEPARATE_NOT_PREDICTIVE,30,30,30,30,19,10,19,0,0.013105886686413744,-0.017950909177230134,-0.00874871488537681,0.36666666666666664,0.1035193208162395,0.05077952504783867,-0.07219510051169857,-0.06903315982263347,0.6666666666666666,0.5,0.4,0.5,0.0,0.16666666666666666,0.6666666666666666,0.0,1725,0.017391304347826087,1695,-0.04436262450770314,-0.038170077925810564,0.002910197570427292,-0.004963188977152533,YES
A2,CONFIRMED_TRANSITION,D-3,5,PRIMARY_PRETRANSITION,Technical Signal + transition context,signal-date-only; D-3/D-2/D-1 exclude all later transition evidence,NO,PASS_D0_SEPARATED,10,10,10,10,10,8,10,0,0.09769105321674038,0.10683951098610367,0.09769105321674038,0.7,0.15145284822239816,0.12447436575788795,-0.049969474424009855,-0.039288398078870856,0.4,0.6,0.5,0.4,0.0,0.5,0.4,0.0,1725,0.005797101449275362,1715,0.06380296386921303,0.09498161822269913,0.003994984354414026,0.007539555736271686,YES
A2,CONFIRMED_TRANSITION,D-3,10,PRIMARY_PRETRANSITION,Technical Signal + transition context,signal-date-only; D-3/D-2/D-1 exclude all later transition evidence,NO,PASS_D0_SEPARATED,10,10,10,10,10,8,10,0,0.10974684719396237,-0.0021563694579671555,0.10974684719396237,0.5,0.24665206691491334,0.16992027967458423,-0.07549254996593806,-0.07047872340425532,0.6,0.6,0.5,0.5,0.0,0.5,0.5,0.0,1725,0.005797101449275362,1715,0.052278335999845486,-0.022375538206547585,-0.0003872518838121952,-0.006408752558774378,YES
A2,CONFIRMED_TRANSITION,D-2,5,PRIMARY_PRETRANSITION,Technical Signal + transition context,signal-date-only; D-3/D-2/D-1 exclude all later transition evidence,NO,PASS_D0_SEPARATED,4,3,3,4,3,3,3,0,0.1353973944071032,0.12200000000000011,0.1353973944071032,1.0,0.19811335158907975,0.19199999999999995,-0.012168616712306032,-0.002564102564102555,0.0,1.0,1.0,0.0,0.0,1.0,0.0,0.0,1725,0.002318840579710145,1721,0.10150930505957584,0.11014210723659557,0.04179584206611785,0.04426385125103999,YES
A2,CONFIRMED_TRANSITION,D-2,10,PRIMARY_PRETRANSITION,Technical Signal + transition context,signal-date-only; D-3/D-2/D-1 exclude all later transition evidence,NO,PASS_D0_SEPARATED,4,3,3,4,3,3,3,0,0.24640112853705087,0.05048543689320395,0.24640112853705087,1.0,0.33913899261472075,0.19199999999999995,-0.016699361048875632,-0.01553398058252431,0.0,1.0,1.0,0.0,0.0,1.0,0.0,0.0,1725,0.002318840579710145,1721,0.18893261734293398,0.03026626814462352,0.05840593703325023,0.04853599026295663,YES
A2,CONFIRMED_TRANSITION,D-1,5,PRIMARY_PRETRANSITION,Technical Signal + transition context,signal-date-only; D-3/D-2/D-1 exclude all later transition evidence,NO,PASS_D0_SEPARATED,8,8,8,8,8,7,8,0,0.13184129810975057,0.11596037424325811,0.13184129810975057,0.875,0.18650440634776563,0.15839820556801676,0.02115700303567282,0.011069695301946236,0.0,0.875,0.875,0.0,0.0,0.75,0.0,0.0,1725,0.00463768115942029,1717,0.09795320876222322,0.10410248147985357,0.07512146181409671,0.05789764911708878,YES
A2,CONFIRMED_TRANSITION,D-1,10,PRIMARY_PRETRANSITION,Technical Signal + transition context,signal-date-only; D-3/D-2/D-1 exclude all later transition evidence,NO,PASS_D0_SEPARATED,8,8,8,8,8,7,8,0,0.1729423931830391,0.1088592046675878,0.1729423931830391,0.875,0.2857613635734357,0.19613405462462064,0.004454593521890621,0.004615935771894675,0.125,1.0,1.0,0.0,0.0,0.75,0.125,0.0,1725,0.00463768115942029,1717,0.11547388198892222,0.08864003591900738,0.07955989160401648,0.06868590661737561,YES
A2,CONFIRMED_TRANSITION,D0,5,CONTEMPORANEOUS_TRANSITION_CONDITIONED,Technical Signal + transition context,D0 separately reported; contemporaneous transition conditioned,YES,D0_SEPARATE_NOT_PREDICTIVE,27,27,27,27,17,14,17,0,0.012739541474656094,0.012461059190031154,0.005286007192557034,0.5555555555555556,0.08110398266814452,0.05607476635514019,-0.050239004189012566,-0.055462184873949605,0.5185185185185185,0.6666666666666666,0.5185185185185185,0.25925925925925924,0.07407407407407407,0.18518518518518517,0.5185185185185185,0.0,1725,0.01565217391304348,1698,-0.021148547872871265,0.0006031664266266112,0.0037254545894113145,-0.008634231058807063,YES
A2,CONFIRMED_TRANSITION,D0,10,CONTEMPORANEOUS_TRANSITION_CONDITIONED,Technical Signal + transition context,D0 separately reported; contemporaneous transition conditioned,YES,D0_SEPARATE_NOT_PREDICTIVE,27,27,27,27,17,14,17,0,0.03351586283361617,-0.005649717514124131,0.02751227860865998,0.4444444444444444,0.13305417162058075,0.08906882591093113,-0.06560294020991524,-0.07268170426065157,0.5925925925925926,0.7037037037037037,0.5185185185185185,0.2962962962962963,0.07407407407407407,0.25925925925925924,0.5925925925925926,0.0,1725,0.01565217391304348,1698,-0.023952648360500713,-0.02586888626270456,0.009502357872210626,-0.00861173341517063,YES
A2,REFERENCE,ESTABLISHED_MAIN_RISE,5,REFERENCE,Prior-口徑/reference only,reference-only,NO,REFERENCE_ONLY,355,323,323,205,52,91,0,0,0.046424371992867905,0.02657342657342676,0.038932192497910474,0.5696594427244582,0.1374145638089187,0.10619469026548667,-0.054315561291300586,-0.049079754601227044,0.48606811145510836,0.7430340557275542,0.5872093023255814,0.3168604651162791,0.05232558139534884,0.4069767441860465,0.4738372093023256,0.0,1725,0.20579710144927535,1370,0.012536282645340548,0.014715533810022219,-0.00035110251287670535,-0.0022518007860845013,NO
A2,REFERENCE,ESTABLISHED_MAIN_RISE,10,REFERENCE,Prior-口徑/reference only,reference-only,NO,REFERENCE_ONLY,355,317,317,205,52,91,0,0,0.07010744435623399,0.032863849765258246,0.05929227674181527,0.5772870662460567,0.20266463205738222,0.1598694942903751,-0.08163394248805422,-0.07622504537205088,0.6246056782334385,0.8201892744479495,0.6005917159763313,0.34023668639053256,0.05325443786982249,0.4437869822485207,0.5325443786982249,0.0,1725,0.20579710144927535,1370,0.01263893316211711,0.012644681016677817,-0.0065286444059283605,-0.012155074526569942,NO
A2,REFERENCE,NON_MAIN_RISE_BASELINE,5,BASELINE,Prior-口徑/reference only,reference-only,NO,REFERENCE_ONLY,602,575,575,269,66,113,0,0,0.030824145477776177,0.004166666666666652,0.02011175272340817,0.5095652173913043,0.11808296419048143,0.08571428571428563,-0.05588201081741835,-0.04958677685950408,0.4991304347826087,0.6521739130434783,0.534453781512605,0.32100840336134456,0.05042016806722689,0.34789915966386553,0.47394957983193275,0.0,1725,0.34898550724637684,1123,-0.0030639438697511803,-0.007691226096737891,-0.0019175520389944703,-0.002758823044361536,NO
A2,REFERENCE,NON_MAIN_RISE_BASELINE,10,BASELINE,Prior-口徑/reference only,reference-only,NO,REFERENCE_ONLY,602,571,571,269,66,113,0,0,0.054157496977112966,0.014367816091954033,0.03994804229955868,0.553415061295972,0.17116020624927153,0.12280701754385959,-0.07486063366797671,-0.06127167630057806,0.5796847635726795,0.7653239929947461,0.5617597292724196,0.34686971235194586,0.05245346869712352,0.4027072758037225,0.5109983079526227,0.0,1725,0.34898550724637684,1123,-0.003311014217003916,-0.005851352656626396,0.0002446644141491511,0.0027982945449028795,NO
A2,REFERENCE,TECHNICAL_ALONE_BASELINE,5,TECHNICAL_ALONE_BASELINE,Technical signal alone,reference-only,NO,REFERENCE_ONLY,1725,1614,1614,562,78,121,0,0,0.03388808934752736,0.011857892763404543,0.024697899133328486,0.5408921933085502,0.1205421983966912,0.09051248382431298,-0.05396445877842388,-0.04682795381514254,0.47335811648079307,0.6771995043370508,0.5599527466036621,0.3071470761961016,0.0448907265209687,0.3626698168930892,0.4524512699350266,0.0,1725,1.0,0,0.0,0.0,0.0,0.0,NO
A2,REFERENCE,TECHNICAL_ALONE_BASELINE,10,TECHNICAL_ALONE_BASELINE,Technical signal alone,reference-only,NO,REFERENCE_ONLY,1725,1600,1600,562,78,121,0,0,0.05746851119411688,0.02021916874858043,0.0440888566054341,0.55875,0.17808735840050216,0.12761277843638863,-0.07510529808212586,-0.06406997084548094,0.581875,0.77,0.5843768634466309,0.3351222420989863,0.045915324985092425,0.4180083482409064,0.5050685748360167,0.0,1725,1.0,0,0.0,0.0,0.0,0.0,NO
LEGACY5,CANDIDATE_ONSET,D-3,5,PRIMARY_PRETRANSITION,Technical Signal + transition context,signal-date-only; D-3/D-2/D-1 exclude all later transition evidence,NO,PASS_D0_SEPARATED,4,4,4,4,4,3,4,0,0.04309591680733659,0.03303724808312733,0.04309591680733659,1.0,0.08498799444141697,0.09324735632737029,-0.038932355589480376,-0.03758584732659739,0.5,1.0,,,,,,,755,0.005298013245033113,751,0.008447365507583272,0.022872512228549326,0.020336233958135795,0.010322925625894597,YES
LEGACY5,CANDIDATE_ONSET,D-3,10,PRIMARY_PRETRANSITION,Technical Signal + transition context,signal-date-only; D-3/D-2/D-1 exclude all later transition evidence,NO,PASS_D0_SEPARATED,4,4,4,4,4,3,4,0,0.018580749564805096,0.03144829081448291,0.018580749564805096,0.5,0.0986018558275556,0.09337744232867115,-0.03929731909313001,-0.03831577433389666,0.5,1.0,,,,,,,755,0.005298013245033113,751,-0.039272514795109445,0.002172481877657024,0.04632091013500186,0.027721961515159946,YES
LEGACY5,CANDIDATE_ONSET,D-2,5,PRIMARY_PRETRANSITION,Technical Signal + transition context,signal-date-only; D-3/D-2/D-1 exclude all later transition evidence,NO,PASS_D0_SEPARATED,4,4,4,4,4,4,4,0,0.15600956665154345,0.15640614340763687,0.15600956665154345,1.0,0.21753845622180823,0.24457012740380182,-0.003900599251225036,-0.011067168169330899,0.0,1.0,,,,,,,755,0.005298013245033113,751,0.12136101535179013,0.14624140755305887,0.05536799029639113,0.036841604783161085,YES
LEGACY5,CANDIDATE_ONSET,D-2,10,PRIMARY_PRETRANSITION,Technical Signal + transition context,signal-date-only; D-3/D-2/D-1 exclude all later transition evidence,NO,PASS_D0_SEPARATED,4,4,4,4,4,4,4,0,0.1688567152373906,0.1723999323009224,0.1688567152373906,1.0,0.3275422527290216,0.2460861470762461,-0.003900599251225036,-0.011067168169330899,0.0,1.0,,,,,,,755,0.005298013245033113,751,0.11100345087747607,0.14312412336409652,0.08171762997690683,0.054970567679725704,YES
LEGACY5,CANDIDATE_ONSET,D-1,5,PRIMARY_PRETRANSITION,Technical Signal + transition context,signal-date-only; D-3/D-2/D-1 exclude all later transition evidence,NO,PASS_D0_SEPARATED,2,2,2,2,1,1,1,0,-0.02128149911216895,-0.02128149911216895,-0.02128149911216895,0.5,0.08095507952699384,0.08095507952699384,-0.08853753447429068,-0.08853753447429068,0.5,0.5,,,,,,,755,0.0026490066225165563,753,-0.05593005041192227,-0.03144623496674695,-0.029268944926674506,-0.040628761521798694,YES
LEGACY5,CANDIDATE_ONSET,D-1,10,PRIMARY_PRETRANSITION,Technical Signal + transition context,signal-date-only; D-3/D-2/D-1 exclude all later transition evidence,NO,PASS_D0_SEPARATED,2,2,2,2,1,1,1,0,0.11312478748724923,0.11312478748724923,0.11312478748724923,1.0,0.1955192867127583,0.1955192867127583,-0.08853753447429068,-0.08853753447429068,0.5,1.0,,,,,,,755,0.0026490066225165563,753,0.055271523127334694,0.08384897855042335,-0.0029193052461588126,-0.022499798625234074,YES
LEGACY5,CANDIDATE_ONSET,D0,5,CONTEMPORANEOUS_TRANSITION_CONDITIONED,Technical Signal + transition context,D0 separately reported; contemporaneous transition conditioned,YES,D0_SEPARATE_NOT_PREDICTIVE,11,11,11,11,9,7,9,0,-0.007913063944112111,-0.01020408163265306,-0.007913063944112111,0.2727272727272727,0.06982983756128616,0.05263157894736842,-0.059370859104390335,-0.05764411027568922,0.5454545454545454,0.5454545454545454,,,,,,,755,0.01456953642384106,744,-0.04256161524386543,-0.020368817487231065,-0.00010226955677416355,-0.009735337323197236,YES
LEGACY5,CANDIDATE_ONSET,D0,10,CONTEMPORANEOUS_TRANSITION_CONDITIONED,Technical Signal + transition context,D0 separately reported; contemporaneous transition conditioned,YES,D0_SEPARATE_NOT_PREDICTIVE,11,11,11,11,9,7,9,0,0.01716091648431178,-0.00796812749003984,0.01716091648431178,0.45454545454545453,0.11157105713178955,0.05976095617529881,-0.08750615404071248,-0.08630952380952381,0.7272727272727273,0.6363636363636364,,,,,,,755,0.01456953642384106,744,-0.04069234787560276,-0.03724393642686573,-0.001887924812580613,-0.020271787960467205,YES
LEGACY5,CONFIRMED_TRANSITION,D-3,5,PRIMARY_PRETRANSITION,Technical Signal + transition context,signal-date-only; D-3/D-2/D-1 exclude all later transition evidence,NO,PASS_D0_SEPARATED,1,1,1,1,1,1,1,0,0.031591737545565005,0.031591737545565005,0.031591737545565005,1.0,0.08748481166464156,0.08748481166464156,-0.007290400972053463,-0.007290400972053463,0.0,1.0,,,,,,,755,0.0013245033112582781,754,-0.0030568137541883145,0.021427001690987,0.05197818857556271,0.04061837198043852,YES
LEGACY5,CONFIRMED_TRANSITION,D-3,10,PRIMARY_PRETRANSITION,Technical Signal + transition context,signal-date-only; D-3/D-2/D-1 exclude all later transition evidence,NO,PASS_D0_SEPARATED,1,1,1,1,1,1,1,0,0.06561360874848117,0.06561360874848117,0.06561360874848117,1.0,0.08748481166464156,0.08748481166464156,-0.007290400972053463,-0.007290400972053463,0.0,1.0,,,,,,,755,0.0013245033112582781,754,0.007760344388566633,0.03633779981165529,0.0783278282560784,0.05874733487700314,YES
LEGACY5,CONFIRMED_TRANSITION,D-2,5,PRIMARY_PRETRANSITION,Technical Signal + transition context,signal-date-only; D-3/D-2/D-1 exclude all later transition evidence,NO,PASS_D0_SEPARATED,2,2,2,2,2,1,2,0,-0.05131179011358183,-0.05131179011358183,-0.05131179011358183,0.5,0.07088865781474964,0.07088865781474964,-0.1307390817469205,-0.1307390817469205,1.0,1.0,,,,,,,755,0.0026490066225165563,753,-0.08596034141333514,-0.061476525968159834,-0.07147049219930433,-0.08283030879442851,YES
LEGACY5,CONFIRMED_TRANSITION,D-2,10,PRIMARY_PRETRANSITION,Technical Signal + transition context,signal-date-only; D-3/D-2/D-1 exclude all later transition evidence,NO,PASS_D0_SEPARATED,2,2,2,2,2,1,2,0,0.03041513357862742,0.03041513357862742,0.03041513357862742,0.5,0.17051271796512557,0.17051271796512557,-0.1482162853943369,-0.1482162853943369,1.0,1.0,,,,,,,755,0.0026490066225165563,753,-0.027438130781287116,0.0011393246418015361,-0.06259805616620503,-0.0821785495452803,YES
LEGACY5,CONFIRMED_TRANSITION,D-1,5,PRIMARY_PRETRANSITION,Technical Signal + transition context,signal-date-only; D-3/D-2/D-1 exclude all later transition evidence,NO,PASS_D0_SEPARATED,5,5,5,5,3,3,3,0,0.03520618398382067,-0.01020408163265306,0.03520618398382067,0.4,0.1691925032845309,0.12138728323699421,-0.0655643146937925,-0.0326530612244898,0.4,0.8,,,,,,,755,0.006622516556291391,750,0.0005576326840673537,-0.020368817487231065,-0.006295725146176323,0.015255711728002185,YES
LEGACY5,CONFIRMED_TRANSITION,D-1,10,PRIMARY_PRETRANSITION,Technical Signal + transition context,signal-date-only; D-3/D-2/D-1 exclude all later transition evidence,NO,PASS_D0_SEPARATED,5,5,5,5,3,3,3,0,0.1816100923830173,0.1791907514450867,0.1816100923830173,1.0,0.3013173987572619,0.24855491329479767,-0.06911881706346075,-0.0326530612244898,0.4,1.0,,,,,,,755,0.006622516556291391,750,0.12375682802310278,0.14991494250826082,0.016499412164671115,0.033384674624566804,YES
LEGACY5,CONFIRMED_TRANSITION,D0,5,CONTEMPORANEOUS_TRANSITION_CONDITIONED,Technical Signal + transition context,D0 separately reported; contemporaneous transition conditioned,YES,D0_SEPARATE_NOT_PREDICTIVE,15,15,15,15,10,9,10,0,-0.004439895814498604,-0.019083969465648856,-0.004439895814498604,0.3333333333333333,0.08943190767612076,0.09923664122137404,-0.06370151488931022,-0.06950672645739911,0.6,0.7333333333333333,,,,,,,755,0.019867549668874173,740,-0.039088447114251926,-0.02924870532022686,-0.004432925341694052,-0.021597953504907126,YES
LEGACY5,CONFIRMED_TRANSITION,D0,10,CONTEMPORANEOUS_TRANSITION_CONDITIONED,Technical Signal + transition context,D0 separately reported; contemporaneous transition conditioned,YES,D0_SEPARATE_NOT_PREDICTIVE,15,15,15,15,10,9,10,0,0.06636340497892121,0.022546419098143235,0.06636340497892121,0.5333333333333333,0.17519004056308987,0.16964285714285715,-0.07122829972215554,-0.07268170426065163,0.6666666666666666,0.8,,,,,,,755,0.019867549668874173,740,0.008510140619006672,-0.00672938983868265,0.014389929505976326,-0.006643968411595022,YES
LEGACY5,REFERENCE,ESTABLISHED_MAIN_RISE,5,REFERENCE,Prior-口徑/reference only,reference-only,NO,REFERENCE_ONLY,130,128,128,96,40,62,0,0,0.051438195622862795,0.033380599606435926,0.04839572926720392,0.59375,0.15270006830412838,0.12057173595635134,-0.06147679004449005,-0.0400494567341059,0.4609375,0.7578125,,,,,,,755,0.17218543046357615,625,0.016789644323109476,0.023215863751857923,-0.002208200496873876,0.007859316218386085,NO
LEGACY5,REFERENCE,ESTABLISHED_MAIN_RISE,10,REFERENCE,Prior-口徑/reference only,reference-only,NO,REFERENCE_ONLY,130,126,126,96,40,62,0,0,0.08145706342044177,0.06354934001420932,0.07441065432440921,0.6349206349206349,0.23154046782662258,0.18784650538787162,-0.09344229387225152,-0.05652063813623702,0.5476190476190477,0.8174603174603174,,,,,,,755,0.17218543046357615,625,0.023603799060527238,0.03427353107738344,-0.007824064644119652,0.009517097712819583,NO
LEGACY5,REFERENCE,NON_MAIN_RISE_BASELINE,5,BASELINE,Prior-口徑/reference only,reference-only,NO,REFERENCE_ONLY,289,284,284,169,57,92,0,0,0.028039658595232376,0.004743033584483077,0.02172556222648414,0.5246478873239436,0.11350591968598958,0.07920842547718754,-0.05985244833280247,-0.0481661511268228,0.4894366197183099,0.6830985915492958,,,,,,,755,0.3827814569536424,466,-0.006608892704520943,-0.005421702270094926,-0.0005838587851862975,-0.0002573781743308162,NO
LEGACY5,REFERENCE,NON_MAIN_RISE_BASELINE,10,BASELINE,Prior-口徑/reference only,reference-only,NO,REFERENCE_ONLY,289,283,283,169,57,92,0,0,0.04210401851475986,0.01800720288115246,0.03581304616088385,0.5547703180212014,0.16877576941484732,0.12280701754385964,-0.08660907654072368,-0.0660377358490566,0.5971731448763251,0.8021201413427562,,,,,,,755,0.3827814569536424,466,-0.015749245845154677,-0.011268606055673425,-0.0009908473125918166,0.0,NO
LEGACY5,REFERENCE,TECHNICAL_ALONE_BASELINE,5,TECHNICAL_ALONE_BASELINE,Technical signal alone,reference-only,NO,REFERENCE_ONLY,755,744,744,386,74,110,0,0,0.03464855129975332,0.010164735854578003,0.028832992554630583,0.5416666666666666,0.12415104501579657,0.0914982977060892,-0.05926858954761617,-0.04790877295249198,0.48655913978494625,0.7083333333333334,,,,,,,755,1.0,0,0.0,0.0,0.0,0.0,NO
LEGACY5,REFERENCE,TECHNICAL_ALONE_BASELINE,10,TECHNICAL_ALONE_BASELINE,Technical signal alone,reference-only,NO,REFERENCE_ONLY,755,737,737,386,74,110,0,0,0.05785326435991454,0.029275808936825885,0.04999941705313311,0.5834464043419267,0.18721401590167475,0.139186295503212,-0.08561822922813186,-0.0660377358490566,0.5915875169606513,0.8005427408412483,,,,,,,755,1.0,0,0.0,0.0,0.0,0.0,NO
BOTH_SAME_SESSION,CANDIDATE_ONSET,D-3,5,PRIMARY_PRETRANSITION,Technical Signal + transition context,signal-date-only; D-3/D-2/D-1 exclude all later transition evidence,NO,PASS_D0_SEPARATED,0,0,0,0,0,0,0,0,,,,,,,,,,,,,,,,,316,0.0,316,,,,,YES
BOTH_SAME_SESSION,CANDIDATE_ONSET,D-3,10,PRIMARY_PRETRANSITION,Technical Signal + transition context,signal-date-only; D-3/D-2/D-1 exclude all later transition evidence,NO,PASS_D0_SEPARATED,0,0,0,0,0,0,0,0,,,,,,,,,,,,,,,,,316,0.0,316,,,,,YES
BOTH_SAME_SESSION,CANDIDATE_ONSET,D-2,5,PRIMARY_PRETRANSITION,Technical Signal + transition context,signal-date-only; D-3/D-2/D-1 exclude all later transition evidence,NO,PASS_D0_SEPARATED,2,2,2,1,1,1,1,1,0.16759776536312845,0.16759776536312845,0.16759776536312845,1.0,0.22346368715083798,0.22346368715083798,-0.020484171322160166,-0.020484171322160166,0.0,1.0,1.0,0.0,0.0,1.0,0.0,0.0,316,0.006329113924050633,314,0.12342386483809384,0.1432499535478337,0.031921911384902205,0.02571148085175284,YES
BOTH_SAME_SESSION,CANDIDATE_ONSET,D-2,10,PRIMARY_PRETRANSITION,Technical Signal + transition context,signal-date-only; D-3/D-2/D-1 exclude all later transition evidence,NO,PASS_D0_SEPARATED,2,2,2,1,1,1,1,1,0.1005586592178771,0.1005586592178771,0.1005586592178771,1.0,0.22346368715083798,0.22346368715083798,-0.020484171322160166,-0.020484171322160166,0.0,1.0,1.0,0.0,0.0,1.0,0.0,0.0,316,0.006329113924050633,314,0.019746157348337262,0.044837360686844054,0.05551621595090951,0.03799536084158252,YES
BOTH_SAME_SESSION,CANDIDATE_ONSET,D-1,5,PRIMARY_PRETRANSITION,Technical Signal + transition context,signal-date-only; D-3/D-2/D-1 exclude all later transition evidence,NO,PASS_D0_SEPARATED,0,0,0,0,0,0,0,0,,,,,,,,,,,,,,,,,316,0.0,316,,,,,YES
BOTH_SAME_SESSION,CANDIDATE_ONSET,D-1,10,PRIMARY_PRETRANSITION,Technical Signal + transition context,signal-date-only; D-3/D-2/D-1 exclude all later transition evidence,NO,PASS_D0_SEPARATED,0,0,0,0,0,0,0,0,,,,,,,,,,,,,,,,,316,0.0,316,,,,,YES
BOTH_SAME_SESSION,CANDIDATE_ONSET,D0,5,CONTEMPORANEOUS_TRANSITION_CONDITIONED,Technical Signal + transition context,D0 separately reported; contemporaneous transition conditioned,YES,D0_SEPARATE_NOT_PREDICTIVE,4,4,4,2,2,2,2,2,-0.015072728550347816,-0.015072728550347803,-0.015072728550347816,0.5,0.05435317265125429,0.054353172651254306,-0.04907127632164522,-0.04907127632164521,0.5,1.0,1.0,0.0,0.0,0.0,0.5,0.0,316,0.012658227848101266,312,-0.05924662907538244,-0.039420540365642534,0.0033348063854171453,-0.0028756241477322017,YES
BOTH_SAME_SESSION,CANDIDATE_ONSET,D0,10,CONTEMPORANEOUS_TRANSITION_CONDITIONED,Technical Signal + transition context,D0 separately reported; contemporaneous transition conditioned,YES,D0_SEPARATE_NOT_PREDICTIVE,4,4,4,2,2,2,2,2,0.02037804792354719,0.020378047923547186,0.02037804792354719,0.5,0.11198557140514834,0.11198557140514834,-0.056590073314126424,-0.05659007331412641,0.5,1.0,1.0,0.0,0.0,0.5,0.5,0.0,316,0.012658227848101266,312,-0.060434453945992644,-0.03534325060748586,0.019410313958943257,0.0018894588496162767,YES
BOTH_SAME_SESSION,CONFIRMED_TRANSITION,D-3,5,PRIMARY_PRETRANSITION,Technical Signal + transition context,signal-date-only; D-3/D-2/D-1 exclude all later transition evidence,NO,PASS_D0_SEPARATED,0,0,0,0,0,0,0,0,,,,,,,,,,,,,,,,,316,0.0,316,,,,,YES
BOTH_SAME_SESSION,CONFIRMED_TRANSITION,D-3,10,PRIMARY_PRETRANSITION,Technical Signal + transition context,signal-date-only; D-3/D-2/D-1 exclude all later transition evidence,NO,PASS_D0_SEPARATED,0,0,0,0,0,0,0,0,,,,,,,,,,,,,,,,,316,0.0,316,,,,,YES
BOTH_SAME_SESSION,CONFIRMED_TRANSITION,D-2,5,PRIMARY_PRETRANSITION,Technical Signal + transition context,signal-date-only; D-3/D-2/D-1 exclude all later transition evidence,NO,PASS_D0_SEPARATED,0,0,0,0,0,0,0,0,,,,,,,,,,,,,,,,,316,0.0,316,,,,,YES
BOTH_SAME_SESSION,CONFIRMED_TRANSITION,D-2,10,PRIMARY_PRETRANSITION,Technical Signal + transition context,signal-date-only; D-3/D-2/D-1 exclude all later transition evidence,NO,PASS_D0_SEPARATED,0,0,0,0,0,0,0,0,,,,,,,,,,,,,,,,,316,0.0,316,,,,,YES
BOTH_SAME_SESSION,CONFIRMED_TRANSITION,D-1,5,PRIMARY_PRETRANSITION,Technical Signal + transition context,signal-date-only; D-3/D-2/D-1 exclude all later transition evidence,NO,PASS_D0_SEPARATED,0,0,0,0,0,0,0,0,,,,,,,,,,,,,,,,,316,0.0,316,,,,,YES
BOTH_SAME_SESSION,CONFIRMED_TRANSITION,D-1,10,PRIMARY_PRETRANSITION,Technical Signal + transition context,signal-date-only; D-3/D-2/D-1 exclude all later transition evidence,NO,PASS_D0_SEPARATED,0,0,0,0,0,0,0,0,,,,,,,,,,,,,,,,,316,0.0,316,,,,,YES
BOTH_SAME_SESSION,CONFIRMED_TRANSITION,D0,5,CONTEMPORANEOUS_TRANSITION_CONDITIONED,Technical Signal + transition context,D0 separately reported; contemporaneous transition conditioned,YES,D0_SEPARATE_NOT_PREDICTIVE,10,10,10,5,5,5,5,5,-0.010770487978762563,0.012461059190031154,-0.010770487978762563,0.6,0.08056479847226641,0.05607476635514019,-0.03987160776755364,-0.04049844236760125,0.4,0.8,0.8,0.2,0.0,0.2,0.4,0.0,316,0.03164556962025317,306,-0.05494438850379718,-0.011886752625263581,0.012534474939508725,0.005697209806311755,YES
BOTH_SAME_SESSION,CONFIRMED_TRANSITION,D0,10,CONTEMPORANEOUS_TRANSITION_CONDITIONED,Technical Signal + transition context,D0 separately reported; contemporaneous transition conditioned,YES,D0_SEPARATE_NOT_PREDICTIVE,10,10,10,5,5,5,5,5,0.06382398827706195,0.0701530612244898,0.06382398827706195,0.6,0.1495736403267652,0.1713395638629283,-0.04287912656454612,-0.04049844236760125,0.4,0.8,0.8,0.2,0.0,0.6,0.4,0.0,316,0.03164556962025317,306,-0.016988513592477883,0.014431762693456758,0.03312126070852356,0.017981089796141436,YES
BOTH_SAME_SESSION,REFERENCE,ESTABLISHED_MAIN_RISE,5,REFERENCE,Prior-口徑/reference only,reference-only,NO,REFERENCE_ONLY,60,58,58,27,19,24,0,30,0.07760448404506252,0.047097480832420546,0.07425974828536146,0.7241379310344828,0.16408354507509856,0.1490847297933912,-0.04510628528695304,-0.03051181102362202,0.4482758620689655,0.7931034482758621,0.6,0.3,0.1,0.5,0.43333333333333335,0.0,316,0.189873417721519,256,0.0334305835200279,0.02274966901712581,0.007299797420109326,0.015683841150290985,NO
BOTH_SAME_SESSION,REFERENCE,ESTABLISHED_MAIN_RISE,10,REFERENCE,Prior-口徑/reference only,reference-only,NO,REFERENCE_ONLY,60,58,58,27,19,24,0,30,0.15051729806096012,0.11007462686567163,0.13712598338425427,0.7241379310344828,0.26472179333643386,0.20306513409961682,-0.06574860912356885,-0.04928806133625409,0.4827586206896552,0.896551724137931,0.6,0.3,0.1,0.5,0.43333333333333335,0.0,316,0.189873417721519,256,0.06970479619142028,0.05435332833463858,0.010251778149500831,0.009191470827488599,NO
BOTH_SAME_SESSION,REFERENCE,NON_MAIN_RISE_BASELINE,5,BASELINE,Prior-口徑/reference only,reference-only,NO,REFERENCE_ONLY,104,101,101,43,35,38,0,52,0.007643785112401181,0.003095975232198178,0.007607575733554505,0.5148514851485149,0.09789834616101596,0.09448818897637795,-0.06408808232251181,-0.053125,0.5148514851485149,0.6534653465346535,0.5384615384615384,0.36538461538461536,0.019230769230769232,0.28846153846153844,0.4807692307692308,0.0,316,0.3291139240506329,212,-0.03653011541263344,-0.021251836583096557,-0.011681999615449447,-0.006929347826086993,NO
BOTH_SAME_SESSION,REFERENCE,NON_MAIN_RISE_BASELINE,10,BASELINE,Prior-口徑/reference only,reference-only,NO,REFERENCE_ONLY,104,101,101,43,35,38,0,52,0.028238737177613424,0.026315789473684292,0.02809697293355966,0.594059405940594,0.15105020773712965,0.12280701754385959,-0.09052352201788394,-0.065625,0.5841584158415841,0.8217821782178217,0.5961538461538461,0.36538461538461536,0.019230769230769232,0.36538461538461536,0.5,0.0,316,0.3291139240506329,212,-0.052573764691926414,-0.029405509057348754,-0.014523134744814259,-0.007145467836257316,NO
BOTH_SAME_SESSION,REFERENCE,TECHNICAL_ALONE_BASELINE,5,TECHNICAL_ALONE_BASELINE,Technical signal alone,reference-only,NO,REFERENCE_ONLY,316,306,306,134,53,71,0,158,0.04417390052503462,0.024347811815294735,0.03655450896271258,0.6045751633986928,0.12402728564862658,0.09679663375072103,-0.05240608270706237,-0.046195652173913006,0.47058823529411764,0.7091503267973857,0.5886075949367089,0.310126582278481,0.0379746835443038,0.36075949367088606,0.44936708860759494,0.0,316,1.0,0,0.0,0.0,0.0,0.0,NO
BOTH_SAME_SESSION,REFERENCE,TECHNICAL_ALONE_BASELINE,10,TECHNICAL_ALONE_BASELINE,Technical signal alone,reference-only,NO,REFERENCE_ONLY,316,306,306,134,53,71,0,158,0.08081250186953984,0.055721298531033046,0.06786571572664074,0.6503267973856209,0.19795875552338235,0.1629228855721393,-0.07600038727306968,-0.05847953216374269,0.545751633986928,0.8235294117647058,0.6265822784810127,0.3227848101265823,0.0379746835443038,0.43037974683544306,0.4810126582278481,0.0,316,1.0,0,0.0,0.0,0.0,0.0,NO
BOTH_WITHIN_1_SENSITIVITY,CANDIDATE_ONSET,D-3,5,PRIMARY_PRETRANSITION,Technical Signal + transition context,signal-date-only; D-3/D-2/D-1 exclude all later transition evidence,NO,PASS_D0_SEPARATED,1,1,1,1,1,1,1,1,0.0072992700729927005,0.0072992700729927005,0.0072992700729927005,1.0,0.09927007299270073,0.09927007299270073,-0.016058394160583942,-0.016058394160583942,0.0,1.0,,,,,,,499,0.002004008016032064,498,-0.04361277446649037,-0.0233520709231759,0.033665695782191765,0.025680862517697117,YES
BOTH_WITHIN_1_SENSITIVITY,CANDIDATE_ONSET,D-3,10,PRIMARY_PRETRANSITION,Technical Signal + transition context,signal-date-only; D-3/D-2/D-1 exclude all later transition evidence,NO,PASS_D0_SEPARATED,1,1,1,1,1,1,1,1,-0.00145985401459854,-0.00145985401459854,-0.00145985401459854,0.0,0.09927007299270073,0.09927007299270073,-0.017518248175182483,-0.017518248175182483,0.0,1.0,,,,,,,499,0.002004008016032064,498,-0.09182244823288009,-0.060719113273857844,0.05386708281459228,0.03764619154635386,YES
BOTH_WITHIN_1_SENSITIVITY,CANDIDATE_ONSET,D-2,5,PRIMARY_PRETRANSITION,Technical Signal + transition context,signal-date-only; D-3/D-2/D-1 exclude all later transition evidence,NO,PASS_D0_SEPARATED,4,4,4,3,3,3,3,3,0.06533734422002577,0.09020913909182063,0.06533734422002577,0.75,0.12135577519935062,0.1416463734899489,-0.043387384806379235,-0.02519935061834505,0.25,0.75,0.5,0.5,0.0,0.5,0.5,0.0,499,0.008016032064128256,495,0.014425299680542701,0.05955779809565203,0.0063367051363964755,0.016539906059936008,YES
BOTH_WITHIN_1_SENSITIVITY,CANDIDATE_ONSET,D-2,10,PRIMARY_PRETRANSITION,Technical Signal + transition context,signal-date-only; D-3/D-2/D-1 exclude all later transition evidence,NO,PASS_D0_SEPARATED,4,4,4,3,3,3,3,3,0.07662120995081889,0.1005586592178771,0.07662120995081889,0.75,0.16302244186601728,0.22346368715083798,-0.043387384806379235,-0.02519935061834505,0.25,0.75,0.5,0.5,0.0,0.5,0.5,0.0,499,0.008016032064128256,495,-0.013741384267462659,0.0412993999586178,0.027997946183395524,0.02996508910319129,YES
BOTH_WITHIN_1_SENSITIVITY,CANDIDATE_ONSET,D-1,5,PRIMARY_PRETRANSITION,Technical Signal + transition context,signal-date-only; D-3/D-2/D-1 exclude all later transition evidence,NO,PASS_D0_SEPARATED,1,1,1,1,1,1,1,1,-0.025423728813559365,-0.025423728813559365,-0.025423728813559365,0.0,0.05084745762711851,0.05084745762711851,-0.025423728813559365,-0.025423728813559365,0.0,1.0,1.0,0.0,0.0,0.0,0.0,0.0,499,0.002004008016032064,498,-0.07633577335304242,-0.05607506980972796,0.024300361129216345,0.016315527864721693,YES
BOTH_WITHIN_1_SENSITIVITY,CANDIDATE_ONSET,D-1,10,PRIMARY_PRETRANSITION,Technical Signal + transition context,signal-date-only; D-3/D-2/D-1 exclude all later transition evidence,NO,PASS_D0_SEPARATED,1,1,1,1,1,1,1,1,0.1271186440677965,0.1271186440677965,0.1271186440677965,1.0,0.2161016949152541,0.2161016949152541,-0.025423728813559365,-0.025423728813559365,0.0,1.0,1.0,0.0,0.0,1.0,0.0,0.0,499,0.002004008016032064,498,0.036756049849514943,0.06785938480853719,0.045961602176215394,0.029740710907976975,YES
BOTH_WITHIN_1_SENSITIVITY,CANDIDATE_ONSET,D0,5,CONTEMPORANEOUS_TRANSITION_CONDITIONED,Technical Signal + transition context,D0 separately reported; contemporaneous transition conditioned,YES,D0_SEPARATE_NOT_PREDICTIVE,5,5,5,3,3,2,3,3,-0.014098999166808865,-0.01020408163265306,-0.014098999166808865,0.4,0.08511519118222792,0.056074766355140186,-0.04578763330221414,-0.04049844236760125,0.4,1.0,1.0,0.0,0.0,0.0,0.5,0.0,499,0.01002004008016032,494,-0.06501104370629193,-0.04085542262882166,0.003936456640561574,0.001240814310679808,YES
BOTH_WITHIN_1_SENSITIVITY,CANDIDATE_ONSET,D0,10,CONTEMPORANEOUS_TRANSITION_CONDITIONED,Technical Signal + transition context,D0 separately reported; contemporaneous transition conditioned,YES,D0_SEPARATE_NOT_PREDICTIVE,5,5,5,3,3,2,3,3,0.08569019344087857,0.1059190031152648,0.08569019344087857,0.6,0.17122111018534317,0.17133956386292826,-0.051802670896199096,-0.04049844236760125,0.4,1.0,1.0,0.0,0.0,0.5,0.5,0.0,499,0.01002004008016032,494,-0.004672400777402982,0.04665974385600549,0.019582660093575663,0.01466599735393509,YES
BOTH_WITHIN_1_SENSITIVITY,CONFIRMED_TRANSITION,D-3,5,PRIMARY_PRETRANSITION,Technical Signal + transition context,signal-date-only; D-3/D-2/D-1 exclude all later transition evidence,NO,PASS_D0_SEPARATED,1,1,1,1,1,1,1,1,-0.08666666666666667,-0.08666666666666667,-0.08666666666666667,0.0,-0.021333333333333315,-0.021333333333333315,-0.10266666666666668,-0.10266666666666668,1.0,0.0,0.0,1.0,0.0,0.0,1.0,0.0,499,0.002004008016032064,498,-0.13757871120614973,-0.11731800766283526,-0.05294257672389097,-0.060927409988385625,YES
BOTH_WITHIN_1_SENSITIVITY,CONFIRMED_TRANSITION,D-3,10,PRIMARY_PRETRANSITION,Technical Signal + transition context,signal-date-only; D-3/D-2/D-1 exclude all later transition evidence,NO,PASS_D0_SEPARATED,1,1,1,1,1,1,1,1,-0.08266666666666667,-0.08266666666666667,-0.08266666666666667,0.0,-0.021333333333333315,-0.021333333333333315,-0.10266666666666668,-0.10266666666666668,1.0,0.0,0.0,1.0,0.0,0.0,1.0,0.0,499,0.002004008016032064,498,-0.17302926088494822,-0.14192592592592596,-0.031281335676891925,-0.047502226945130344,YES
BOTH_WITHIN_1_SENSITIVITY,CONFIRMED_TRANSITION,D-2,5,PRIMARY_PRETRANSITION,Technical Signal + transition context,signal-date-only; D-3/D-2/D-1 exclude all later transition evidence,NO,PASS_D0_SEPARATED,0,0,0,0,0,0,0,0,,,,,,,,,,,,,,,,,499,0.0,499,,,,,YES
BOTH_WITHIN_1_SENSITIVITY,CONFIRMED_TRANSITION,D-2,10,PRIMARY_PRETRANSITION,Technical Signal + transition context,signal-date-only; D-3/D-2/D-1 exclude all later transition evidence,NO,PASS_D0_SEPARATED,0,0,0,0,0,0,0,0,,,,,,,,,,,,,,,,,499,0.0,499,,,,,YES
BOTH_WITHIN_1_SENSITIVITY,CONFIRMED_TRANSITION,D-1,5,PRIMARY_PRETRANSITION,Technical Signal + transition context,signal-date-only; D-3/D-2/D-1 exclude all later transition evidence,NO,PASS_D0_SEPARATED,1,1,1,1,1,1,1,1,-0.01020408163265306,-0.01020408163265306,-0.01020408163265306,0.0,0.20816326530612245,0.20816326530612245,-0.0326530612244898,-0.0326530612244898,0.0,1.0,,,,,,,499,0.002004008016032064,498,-0.061116126172136125,-0.04085542262882166,0.017071028718285912,0.00908619545379126,YES
BOTH_WITHIN_1_SENSITIVITY,CONFIRMED_TRANSITION,D-1,10,PRIMARY_PRETRANSITION,Technical Signal + transition context,signal-date-only; D-3/D-2/D-1 exclude all later transition evidence,NO,PASS_D0_SEPARATED,1,1,1,1,1,1,1,1,0.3469387755102041,0.3469387755102041,0.3469387755102041,1.0,0.40816326530612246,0.40816326530612246,-0.0326530612244898,-0.0326530612244898,0.0,1.0,,,,,,,499,0.002004008016032064,498,0.2565761812919225,0.2876795162509448,0.03873226976528496,0.02251137849704654,YES
BOTH_WITHIN_1_SENSITIVITY,CONFIRMED_TRANSITION,D0,5,CONTEMPORANEOUS_TRANSITION_CONDITIONED,Technical Signal + transition context,D0 separately reported; contemporaneous transition conditioned,YES,D0_SEPARATE_NOT_PREDICTIVE,13,13,13,8,7,7,7,8,-0.005727972207397018,0.012461059190031152,-0.005727972207397018,0.5384615384615384,0.08912852088201925,0.07720588235294112,-0.04328928805541042,-0.04049844236760125,0.46153846153846156,0.8461538461538461,0.8333333333333334,0.16666666666666666,0.0,0.16666666666666666,0.5,0.0,499,0.026052104208416832,486,-0.05664001674688009,-0.018190281806137444,0.006434801887365289,0.001240814310679808,YES
BOTH_WITHIN_1_SENSITIVITY,CONFIRMED_TRANSITION,D0,10,CONTEMPORANEOUS_TRANSITION_CONDITIONED,Technical Signal + transition context,D0 separately reported; contemporaneous transition conditioned,YES,D0_SEPARATE_NOT_PREDICTIVE,13,13,13,8,7,7,7,8,0.10103121672479243,0.1059190031152648,0.10103121672479243,0.6923076923076923,0.17349293034529986,0.18702290076335878,-0.04560276405309694,-0.04049844236760125,0.46153846153846156,0.8461538461538461,0.8333333333333334,0.16666666666666666,0.0,0.5,0.5,0.0,499,0.026052104208416832,486,0.010668622506510878,0.04665974385600549,0.02578256693667782,0.01466599735393509,YES
BOTH_WITHIN_1_SENSITIVITY,REFERENCE,ESTABLISHED_MAIN_RISE,5,REFERENCE,Prior-口徑/reference only,reference-only,NO,REFERENCE_ONLY,108,106,106,53,29,49,0,59,0.07094652181262474,0.047097480832420546,0.06819009092837731,0.6792452830188679,0.16194417661859162,0.15966139862582537,-0.04954223017640364,-0.03642144104371893,0.46226415094339623,0.8207547169811321,0.5862068965517241,0.3103448275862069,0.10344827586206896,0.43103448275862066,0.5172413793103449,0.0,499,0.21643286573146292,391,0.020034477273141678,0.016446139836251948,0.00018185976637206946,0.005317815634562129,NO
BOTH_WITHIN_1_SENSITIVITY,REFERENCE,ESTABLISHED_MAIN_RISE,10,REFERENCE,Prior-口徑/reference only,reference-only,NO,REFERENCE_ONLY,108,106,106,53,29,49,0,59,0.13510072983049035,0.09587803250204893,0.12184792445213537,0.7169811320754716,0.2595350559414565,0.20306513409961682,-0.06942191525890123,-0.05426356589147286,0.5283018867924528,0.9056603773584906,0.5862068965517241,0.3103448275862069,0.10344827586206896,0.4482758620689655,0.5172413793103449,0.0,499,0.21643286573146292,391,0.044738135612208796,0.03661877324278963,0.0019634157308735245,0.0009008738300634797,NO
BOTH_WITHIN_1_SENSITIVITY,REFERENCE,NON_MAIN_RISE_BASELINE,5,BASELINE,Prior-口徑/reference only,reference-only,NO,REFERENCE_ONLY,175,171,171,72,45,60,0,91,0.03706643547072606,0.01098901098901099,0.030051509504256245,0.5730994152046783,0.13103982273164508,0.1,-0.05403213078816122,-0.04363001745200701,0.4619883040935672,0.7485380116959064,0.5465116279069767,0.3488372093023256,0.046511627906976744,0.3372093023255814,0.4883720930232558,0.0,499,0.35070140280561124,324,-0.013845609068757009,-0.019662330007157607,-0.004308040845385511,-0.0018907607737259496,NO
BOTH_WITHIN_1_SENSITIVITY,REFERENCE,NON_MAIN_RISE_BASELINE,10,BASELINE,Prior-口徑/reference only,reference-only,NO,REFERENCE_ONLY,175,171,171,72,45,60,0,91,0.0602495208765695,0.03622250970245795,0.0552532087969505,0.6140350877192983,0.193653259687369,0.16852540272614625,-0.07785507146299052,-0.055408970976253295,0.543859649122807,0.8713450292397661,0.5813953488372093,0.36046511627906974,0.046511627906976744,0.4069767441860465,0.5116279069767442,0.0,499,0.35070140280561124,324,-0.03011307334171205,-0.02303674955680135,-0.00646974047321576,-0.0002445312547169551,NO
BOTH_WITHIN_1_SENSITIVITY,REFERENCE,TECHNICAL_ALONE_BASELINE,5,TECHNICAL_ALONE_BASELINE,Technical signal alone,reference-only,NO,REFERENCE_ONLY,499,486,486,194,60,93,0,250,0.050912044539483066,0.030651340996168598,0.044548576485819905,0.6193415637860082,0.13936964163638088,0.10227272727272729,-0.04972408994277571,-0.04173925667828106,0.44650205761316875,0.7716049382716049,0.596,0.3,0.056,0.372,0.476,0.0,499,1.0,0,0.0,0.0,0.0,0.0,NO
BOTH_WITHIN_1_SENSITIVITY,REFERENCE,TECHNICAL_ALONE_BASELINE,10,TECHNICAL_ALONE_BASELINE,Technical signal alone,reference-only,NO,REFERENCE_ONLY,499,486,486,194,60,93,0,250,0.09036259421828155,0.0592592592592593,0.0786699808137998,0.6584362139917695,0.2142385173939298,0.1789961914519254,-0.07138533098977476,-0.05516443972153634,0.5329218106995884,0.8600823045267489,0.624,0.312,0.056,0.436,0.508,0.0,499,1.0,0,0.0,0.0,0.0,0.0,NO
