period,entry_proxy,horizon,event_count,unique_instruments,unique_dates,extension_mean,extension_median,forward_mean,forward_median,forward_trimmed_mean_10pct,forward_win_rate,forward_p05,forward_p25,forward_p75,forward_p95,mfe_mean,mfe_median,mfe_p25,mfe_p75,mae_mean,mae_median,mae_p25,mae_p75,outlier_driven,a2_event_count,reference_loss_rate_h10,reference_reclaim_rate_after_loss_h10,july_stress_segment
JULY,THEORETICAL_REFERENCE_FILL,1,69,67,19,0.0,0.0,0.014988423036166966,0.0035087719298245723,0.008959007120433533,0.5362318840579711,-0.08156916254477235,-0.03728813559322042,0.046875,0.1563709207089788,0.06790833678411094,0.04347826086956519,0.02564102564102555,0.1071428571428572,-0.01622696068357118,-0.015927189988623525,-0.04865771812080533,0.007211538461538325,False,70,0.9565217391304348,0.5303030303030303,True
JULY,THEORETICAL_REFERENCE_FILL,3,64,62,19,0.0,0.0,-0.014686819714966664,-0.010589592793865787,-0.019876051529919905,0.328125,-0.12832104047231965,-0.0761245077040005,0.025602409638554036,0.13582495285983665,0.08272649142683626,0.043617465546842316,0.027828336047514113,0.13147498419200127,-0.05829202719646363,-0.05163131540158278,-0.10885809691583631,-0.021693644808240625,False,70,0.9565217391304348,0.5303030303030303,True
JULY,THEORETICAL_REFERENCE_FILL,5,58,57,19,0.0,0.0,-0.042927525278705685,-0.0479346128658506,-0.046728348863694785,0.27586206896551724,-0.1810752733038471,-0.10136735234826763,0.005154204604678303,0.1546881496881496,0.09045706875359039,0.05974124809741255,0.030644126190637055,0.13965537976374998,-0.0926433748187462,-0.09103280461427543,-0.14694849073466415,-0.03660272392364089,False,70,0.9565217391304348,0.5303030303030303,True
JULY,THEORETICAL_REFERENCE_FILL,10,50,49,16,0.0,0.0,-0.09406958082382567,-0.09927153523948279,-0.1169064434392221,0.18,-0.34930822960508645,-0.25366737363025804,-0.00950028578427381,0.22549733818996914,0.11517925879925126,0.06491801577418022,0.03127538050987788,0.1502614619617777,-0.16427145235945803,-0.1316339512904398,-0.2791721993151164,-0.07373391448733907,False,70,0.9565217391304348,0.5303030303030303,True
JULY,OBSERVABLE_A2_CLOSE,1,69,67,19,0.03045246896459083,0.018626309662397977,-0.015336059287220668,-0.01935483870967747,-0.01805778872525677,0.36231884057971014,-0.09677402953961924,-0.06588579795021965,0.017229496898690577,0.09077398888719619,0.03584030786159744,0.02358490566037741,0.012658227848101333,0.06997742663656892,-0.04532865656555962,-0.0428994082840235,-0.08052708638360173,-0.017584994138335253,False,70,0.9565217391304348,0.5303030303030303,True
JULY,OBSERVABLE_A2_CLOSE,3,64,62,19,0.03143032003396383,0.01953025680142384,-0.04470785531773039,-0.04433191186922536,-0.04594226380563406,0.234375,-0.16015914137675796,-0.09611895161290324,0.0,0.06346234057912892,0.04894935129062948,0.02761662679425836,0.015237352788902647,0.07775498315730822,-0.08676945479169654,-0.08053517228239437,-0.12727934587813616,-0.045692873085507624,False,70,0.9565217391304348,0.5303030303030303,True
JULY,OBSERVABLE_A2_CLOSE,5,58,57,19,0.031052351877134034,0.018974990579991302,-0.07141789420395102,-0.08271144278606968,-0.07277104801876974,0.1896551724137931,-0.21459344660194174,-0.14184996321719845,-0.008072590738423008,0.07346384846384846,0.05691906699018778,0.0346732426264752,0.0171626533393911,0.09706314811948619,-0.11954786868125887,-0.11981753209041024,-0.16262411317379133,-0.05568979904040053,False,70,0.9565217391304348,0.5303030303030303,True
JULY,OBSERVABLE_A2_CLOSE,10,50,49,16,0.029996308457017406,0.01844557492252319,-0.11975353171872176,-0.11467507809150485,-0.1411405032978318,0.1,-0.36145642551892554,-0.2666047256981145,-0.03638092368731502,0.17617112934014334,0.08212483227004097,0.0346732426264752,0.019354838709677358,0.09972527472527482,-0.18808258249590823,-0.1642067588868264,-0.2979345555813414,-0.10156438624646719,False,70,0.9565217391304348,0.5303030303030303,True
JULY,NEXT_SESSION_OPEN,1,69,67,19,0.038312817415307954,0.026755852842809347,-0.02210690623811023,-0.024793388429751984,-0.023346619501424158,0.2898550724637681,-0.11057692307692309,-0.061202185792349706,0.004678362573099504,0.07430402930402925,0.028498554519703085,0.016431924882629012,0.002096436058700135,0.04761904761904767,-0.0518553642818653,-0.04081632653061229,-0.07868852459016396,-0.025862068965517127,False,70,0.9565217391304348,0.5303030303030303,True
JULY,NEXT_SESSION_OPEN,3,64,62,19,0.03997709503513065,0.027520745521601775,-0.05176592550627326,-0.0460870366530744,-0.05119345640517503,0.21875,-0.16922151731430077,-0.10064102564102562,-0.007303141574867389,0.062150787965616044,0.04083507970380966,0.019144845266434674,0.0043823944426353845,0.057084829058936026,-0.09327600835566505,-0.09488629771435197,-0.13045933162751025,-0.04892827042664177,False,70,0.9565217391304348,0.5303030303030303,True
JULY,NEXT_SESSION_OPEN,5,58,57,19,0.04021923367939457,0.02707655655839103,-0.07830118088221324,-0.0857187591643595,-0.07878634029893908,0.22413793103448276,-0.23805803571428572,-0.1470203345589267,-0.005142993702758364,0.0763556442080378,0.04810224603631001,0.025015634771732298,0.004998248788745496,0.0633741117319826,-0.1263244339600355,-0.1171992481203008,-0.17841651218300555,-0.0652955974842768,False,70,0.9565217391304348,0.5303030303030303,True
JULY,NEXT_SESSION_OPEN,10,50,49,16,0.040572489471889156,0.02651914295749913,-0.12745218490512747,-0.13383189995429812,-0.1471573526959584,0.12,-0.3924226804123711,-0.26577137225917713,-0.04844425495239024,0.1667700777989384,0.07170395181240813,0.026456876456876444,0.003384968445209413,0.065402995010866,-0.1952250634456667,-0.1651518775412581,-0.28525739237015474,-0.10895270270270263,False,70,0.9565217391304348,0.5303030303030303,True
JULY,NEXT_SESSION_CLOSE,1,69,67,19,0.014988423036166966,0.0035087719298245723,-0.020672026207918897,-0.02008032128514059,-0.023280090520792895,0.21739130434782608,-0.09838937933823022,-0.04683840749414525,0.0,0.07734985981997916,0.025178787138709094,0.017006802721088343,0.0023474178403755097,0.04074505238649584,-0.04849650893629659,-0.045454545454545414,-0.07113821138211385,-0.023255813953488413,False,70,0.9565217391304348,0.5303030303030303,True
JULY,NEXT_SESSION_CLOSE,3,64,62,19,0.016276965654240902,0.0037228899019201567,-0.04473316890554057,-0.04448600954318871,-0.04826227739380161,0.21875,-0.15072650155009706,-0.09334605492408526,-0.01364809442250109,0.055503978779840785,0.04551872448257659,0.03061632204574971,0.01310483870967738,0.0718641631835023,-0.081548440622773,-0.07541018193236909,-0.11393261529964102,-0.046771361685524815,False,70,0.9565217391304348,0.5303030303030303,True
JULY,NEXT_SESSION_CLOSE,5,58,57,19,0.014449103983978901,0.0033267130089374986,-0.05527292363922547,-0.06169496487119441,-0.06132916387786946,0.2413793103448276,-0.18011249497790277,-0.12066040158943592,-0.006634890798424609,0.07631354795439274,0.053547049477725664,0.029773311712774198,0.013990179747159714,0.0774949219140223,-0.11168622730773095,-0.11564664843353367,-0.14742703533026116,-0.060367315284828,False,70,0.9565217391304348,0.5303030303030303,True
JULY,NEXT_SESSION_CLOSE,10,49,48,15,0.013279749365407366,0.0,-0.11988691412546813,-0.11564625850340127,-0.12995733697702339,0.12244897959183673,-0.3420724980299448,-0.22916666666666674,-0.02677532013969741,0.12911667536080645,0.07392259137503396,0.03947368421052633,0.0185185185185186,0.07909604519774027,-0.18788654404127791,-0.15017462165308504,-0.2605633802816901,-0.0968992248062015,False,70,0.9565217391304348,0.5303030303030303,True
NON_JULY,THEORETICAL_REFERENCE_FILL,1,414,294,42,0.0,0.0,0.05313272255449747,0.043946276910922455,0.05096691857513624,0.751207729468599,-0.05084474509156912,0.0012662952534594485,0.11043269230769237,0.17390885865065694,0.09107587214591106,0.09637395628107692,0.04927991620843147,0.12716788710681576,0.021424799523530064,0.010016722408026757,-0.01428285470616003,0.049237983587338885,False,420,0.7182741116751269,0.773851590106007,False
NON_JULY,THEORETICAL_REFERENCE_FILL,3,402,290,40,0.0,0.0,0.06179977101212038,0.046585922415306236,0.052135858243742436,0.6766169154228856,-0.09673832808196108,-0.019845929276645635,0.1247844827586207,0.288964346349745,0.1414361533209324,0.1257703081232493,0.06363108509847637,0.1931894944472966,-0.006715634368762454,-0.00455246933459752,-0.048392232875289876,0.028786919831223667,False,420,0.7182741116751269,0.773851590106007,False
NON_JULY,THEORETICAL_REFERENCE_FILL,5,390,284,38,0.0,0.0,0.07543430617676837,0.05174722185031466,0.060099655223481804,0.6717948717948717,-0.12854644061719128,-0.0261321365033155,0.1424369747899159,0.39056471418923,0.1746291493097578,0.15136895223157976,0.0805492047102786,0.2272030117122142,-0.02229942849664258,-0.013793103448275779,-0.06404628515566252,0.020144492027455607,False,420,0.7182741116751269,0.773851590106007,False
NON_JULY,THEORETICAL_REFERENCE_FILL,10,359,263,35,0.0,0.0,0.09944918865795978,0.05384615384615388,0.07522702325394173,0.6685236768802229,-0.1591786340408073,-0.03256259467165645,0.19277532880474058,0.5013450637989729,0.23833282993441174,0.19041095890410964,0.11094171377708084,0.3197277847309137,-0.04590154587048395,-0.03454894433781197,-0.105949694126032,0.005820749352372423,False,420,0.7182741116751269,0.773851590106007,False
NON_JULY,OBSERVABLE_A2_CLOSE,1,414,294,42,0.034223147208450135,0.02921024758374169,0.018140412877259163,0.009693042474979263,0.02018329666513024,0.5676328502415459,-0.07627812160854135,-0.022920103092783528,0.0748515895035417,0.09966840245423395,0.05480641157081785,0.05511904761904762,0.021654819845830953,0.09819274913463288,-0.012460241534906304,-0.01652138312208934,-0.0432689432450212,0.010800157666535193,False,420,0.7182741116751269,0.773851590106007,False
NON_JULY,OBSERVABLE_A2_CLOSE,3,402,290,40,0.034133325087116716,0.028573087235903016,0.026704211429001503,0.010146940910630509,0.01891572193670679,0.5472636815920398,-0.12724549862992401,-0.047660459400699545,0.0838707811777063,0.23835534764263416,0.10350199082823887,0.0862890107494424,0.0347341337907377,0.15710598671923637,-0.03946765648422206,-0.03418888810108528,-0.07634112435550314,-0.0026080084299262285,False,420,0.7182741116751269,0.773851590106007,False
NON_JULY,OBSERVABLE_A2_CLOSE,5,390,284,38,0.03405345607620428,0.028573087235903016,0.03994310529336836,0.02067922914821496,0.02596240044306721,0.5974358974358974,-0.1500989119683482,-0.05576317004463052,0.10362248046071582,0.3381947520351897,0.13568242919872534,0.10229915433403802,0.04673348003571881,0.18971889893979182,-0.05440787649961169,-0.04548629804804477,-0.0956024926330829,-0.009714643422389146,False,420,0.7182741116751269,0.773851590106007,False
NON_JULY,OBSERVABLE_A2_CLOSE,10,359,263,35,0.03444409157242382,0.030000000000000027,0.0627519567895119,0.020022246941045596,0.03959972016994942,0.5487465181058496,-0.17776524156827977,-0.0661503582277248,0.14983429269143567,0.4463312127819893,0.1968564309999732,0.15506329113924044,0.07468885757895971,0.2702702702702703,-0.07759830002141482,-0.06851851851851853,-0.13021739130434784,-0.021791895314478726,False,420,0.7182741116751269,0.773851590106007,False
NON_JULY,NEXT_SESSION_OPEN,1,414,294,42,0.05857967469046918,0.04822180134680132,-0.005151222568740826,-0.003899005867509797,-0.00630682791284731,0.38405797101449274,-0.07963425715583825,-0.033564334824838976,0.02165183902555523,0.07172491614928989,0.03107630044199021,0.022521380165405724,0.004669991014606967,0.05114269788182835,-0.03517884916882344,-0.030023313814790675,-0.05159252553989399,-0.01169536569832949,False,420,0.7182741116751269,0.773851590106007,False
NON_JULY,NEXT_SESSION_OPEN,3,402,290,40,0.05905326692666981,0.04777610567678292,0.0021414934714490547,-0.007621394669587445,-0.004059258159897275,0.4527363184079602,-0.13744986408165355,-0.0592270531400966,0.05276558384547836,0.19660167437761614,0.07722331294329475,0.06234572221833368,0.020122950819672136,0.11097756410256415,-0.062069949227923096,-0.05129427650674112,-0.09221521053204221,-0.02266343825665859,True,420,0.7182741116751269,0.773851590106007,False
NON_JULY,NEXT_SESSION_OPEN,5,390,284,38,0.05965637854716265,0.04822180134680132,0.014506775950503741,-0.003681481723024793,0.002497411881116198,0.4846153846153846,-0.159255308194493,-0.07365270960633077,0.07431877310694235,0.2750223034670949,0.10779916876013997,0.08265132299593092,0.032553509208561426,0.14943829371540224,-0.07721132276239287,-0.06759329308392548,-0.11100260416666671,-0.02960803908505441,False,420,0.7182741116751269,0.773851590106007,False
NON_JULY,NEXT_SESSION_OPEN,10,359,263,35,0.06082790359248919,0.04967602591792675,0.03647731378340465,-0.0019342359767892114,0.013843512004077626,0.49025069637883006,-0.17955152246321698,-0.08389660278873368,0.1124383217383309,0.41264267990074427,0.16672120286529332,0.1113537117903931,0.05576527991782232,0.22824680082055293,-0.10037840692946319,-0.08687615526802228,-0.15068761704119854,-0.03750971140545356,False,420,0.7182741116751269,0.773851590106007,False
NON_JULY,NEXT_SESSION_CLOSE,1,411,293,41,0.05336783615883825,0.04417670682730934,0.006725102318721272,0.0,0.0056764700075034435,0.48905109489051096,-0.07436426614528646,-0.035799726589200276,0.04695100035941058,0.09951651108790849,0.04432030668803044,0.037701974865349985,0.013548218029350134,0.08847511094476834,-0.023786851065398153,-0.02564102564102566,-0.05288648648648647,-0.0022136415087449235,False,420,0.7182741116751269,0.773851590106007,False
NON_JULY,NEXT_SESSION_CLOSE,3,400,289,39,0.05456716449354518,0.044555662361906445,0.01273938291151782,-0.002598210344689267,0.0026580936048889855,0.4825,-0.1311490992956429,-0.05920213741858543,0.06023961485968926,0.23267521243372782,0.0835768965187907,0.05994986560357585,0.022323848238482435,0.1191422729927954,-0.051098402945914986,-0.04720882888674599,-0.08739076796545697,-0.0152884615384615,False,420,0.7182741116751269,0.773851590106007,False
NON_JULY,NEXT_SESSION_CLOSE,5,385,281,37,0.05586464511957769,0.04672897196261672,0.029364040405743093,0.0017857142857142794,0.014898362282198143,0.5012987012987012,-0.14954888752806694,-0.06315789473684208,0.09771986970684043,0.3180374607344503,0.11801631149117721,0.09090909090909083,0.032863849765258246,0.16901408450704225,-0.06657390347984682,-0.05882352941176472,-0.10861423220973787,-0.019677996422182487,False,420,0.7182741116751269,0.773851590106007,False
NON_JULY,NEXT_SESSION_CLOSE,10,359,263,35,0.05718818486557009,0.04672897196261672,0.04082431835403276,0.010327022375215211,0.019145330935232817,0.5153203342618384,-0.18590095244505772,-0.08000315656565654,0.11284835102816182,0.4455430941772919,0.17375272558439966,0.116222760290557,0.05177712390827138,0.24417327627944063,-0.09186688300271262,-0.08718626155878473,-0.14490281308947756,-0.03052146729189531,False,420,0.7182741116751269,0.773851590106007,False
ALL,THEORETICAL_REFERENCE_FILL,1,483,315,61,0.0,0.0,0.04768353690902168,0.03481894150417819,0.04523682004878787,0.7204968944099379,-0.05541049152361653,-0.003425019060465606,0.1051125900983848,0.17339284798111956,0.08776622423708247,0.08714285714285697,0.043065010934324466,0.12544102280410596,0.016045976636801313,0.00421940928270037,-0.01923451381282698,0.043218698137562295,False,490,0.7537796976241901,0.7277936962750716,False
ALL,THEORETICAL_REFERENCE_FILL,3,466,309,59,0.0,0.0,0.05129517486076078,0.031143927705532204,0.04187649685654019,0.628755364806867,-0.10621504474272928,-0.026192737108655578,0.11679314661242379,0.2616404932123062,0.13337302379041277,0.11869925199438558,0.05221346214350492,0.18481270790572585,-0.013799087460978925,-0.011044838017174097,-0.05388252124003423,0.02441119691119681,False,490,0.7537796976241901,0.7277936962750716,False
ALL,THEORETICAL_REFERENCE_FILL,5,448,303,57,0.0,0.0,0.06011067621155075,0.04057536966046005,0.045700042354424125,0.6205357142857143,-0.14575445027343487,-0.03959314659667035,0.13220267118931522,0.3730572755417955,0.16373187102346826,0.14055678875323707,0.06662404092071611,0.2202156122127794,-0.03140645726155778,-0.022868650910158606,-0.08134706643658324,0.014647459841695631,False,490,0.7537796976241901,0.7277936962750716,False
ALL,THEORETICAL_REFERENCE_FILL,10,409,281,51,0.0,0.0,0.07579163737656791,0.03669724770642202,0.05465200945166588,0.60880195599022,-0.2079166791637923,-0.05418138987043586,0.17706821480406387,0.4894514853906027,0.22327738114038234,0.1796759941089836,0.09342560553633228,0.29459459459459447,-0.06037219458551746,-0.042065009560229405,-0.1149068322981367,0.0027855153203342198,False,490,0.7537796976241901,0.7277936962750716,False
ALL,OBSERVABLE_A2_CLOSE,1,483,315,61,0.03368447888789881,0.02795031055900621,0.013358059710904901,0.005284015852047519,0.014836965447841724,0.5383022774327122,-0.08452095669516542,-0.028204438427806122,0.06296641791044777,0.09964039682280557,0.05209696818378636,0.04893617021276597,0.019010508367774404,0.09743820592568342,-0.017155729396428204,-0.020050125313283096,-0.04767749781217684,0.0050726871115220895,False,490,0.7537796976241901,0.7277936962750716,False
ALL,OBSERVABLE_A2_CLOSE,3,466,309,59,0.033762096925310306,0.027400851867123932,0.016896545609707853,0.0026801608755850914,0.009304624443718622,0.5042918454935622,-0.1332304450044486,-0.05577370564281561,0.07294375926392027,0.20658902318631772,0.09600978282307364,0.07697224573282546,0.027940626314309602,0.1477302749156914,-0.045964040801128425,-0.042785141650341085,-0.08508258365462423,-0.00757773807967696,False,490,0.7537796976241901,0.7277936962750716,False
ALL,OBSERVABLE_A2_CLOSE,5,448,303,57,0.033664920264717506,0.027350902316170433,0.025525833037018976,0.011245195892847004,0.012399915298587381,0.5446428571428571,-0.1676934523809524,-0.07208375634517764,0.087830493021951,0.320861697415079,0.12548538676994148,0.09873370357241329,0.03926238547675609,0.17652769845802402,-0.0628411790588428,-0.05200974693731564,-0.10730881571959633,-0.01516056952816458,False,490,0.7537796976241901,0.7277936962750716,False
ALL,OBSERVABLE_A2_CLOSE,10,409,281,51,0.03390035280525922,0.027379400260756137,0.0404407723753024,-0.0014662756598241566,0.020168140443991952,0.4938875305623472,-0.21983260036884664,-0.08440366972477065,0.1390593047034765,0.42264273888441906,0.18283056318457805,0.1317157712305026,0.060924369747899165,0.24149659863945572,-0.09110493602074164,-0.07657657657657657,-0.1462829736211031,-0.023076923076923106,False,490,0.7537796976241901,0.7277936962750716,False
ALL,NEXT_SESSION_OPEN,1,483,315,61,0.05568440936544615,0.04306220095693769,-0.0075734630929364544,-0.006369426751592355,-0.008445057443163487,0.37060041407867494,-0.08448146742308432,-0.03685733153045506,0.020347487925735486,0.07318715235381897,0.030708051024520622,0.021671826625387025,0.004158569762922726,0.05086121019312961,-0.037561208470686565,-0.031876138433515444,-0.05377150123820357,-0.012579113924050589,False,490,0.7537796976241901,0.7277936962750716,False
ALL,NEXT_SESSION_OPEN,3,466,309,59,0.05643336349092194,0.04313603875007377,-0.005262100551242421,-0.012591829184504022,-0.011195901061124123,0.4206008583690987,-0.14058993516902357,-0.06720036539279728,0.04719927332497087,0.18379203167393166,0.07222578734817234,0.05512625714492436,0.014995353552420376,0.10499309392265188,-0.06635575992357864,-0.057928827844545006,-0.09994456762749443,-0.0244842876421823,False,490,0.7537796976241901,0.7277936962750716,False
ALL,NEXT_SESSION_OPEN,5,448,303,57,0.05713996247053196,0.04324672931638107,0.0024914601105537745,-0.008709876250533377,-0.008492499712804497,0.45089285714285715,-0.17254332997875432,-0.08730903702043269,0.06465743388934736,0.251507734263233,0.10007054930035841,0.073480290100437,0.02597547380156079,0.14057179109364765,-0.08356971662280195,-0.07142236516645295,-0.12424114819103774,-0.032048043044820174,True,490,0.7537796976241901,0.7277936962750716,False
ALL,NEXT_SESSION_OPEN,10,409,281,51,0.05835169159730581,0.045454545454545414,0.016437032770136667,-0.018045112781954975,-0.0026046483131369038,0.4449877750611247,-0.2453827102252624,-0.10212765957446812,0.09765625,0.40001925783275266,0.15510540200308243,0.10392609699769051,0.04018547140649131,0.2127659574468086,-0.11197335271384014,-0.09706546275395034,-0.16216216216216217,-0.04230317273795525,True,490,0.7537796976241901,0.7277936962750716,False
ALL,NEXT_SESSION_CLOSE,1,480,314,60,0.047850795522454255,0.034746502652227784,0.002786765093016747,-0.0033252319929297225,0.0014240496587419832,0.45,-0.07879189141822285,-0.03635016202680805,0.04066093442453117,0.09943714821763616,0.0415687132528155,0.03296593162174366,0.010700058297706927,0.07910184815848942,-0.027338864384339804,-0.02744970798183005,-0.05513844411466068,-0.005190100458632552,False,490,0.7537796976241901,0.7277936962750716,False
ALL,NEXT_SESSION_CLOSE,3,464,309,58,0.04928575775708942,0.0377993677781151,0.004812134385027008,-0.012568111821843142,-0.0053210822802038345,0.44612068965517243,-0.13117403228822536,-0.06333004797416045,0.04650332550860725,0.22262026832567886,0.07832749347931289,0.056364502806311556,0.019136675681298176,0.10805627705627696,-0.055298408142722986,-0.05142336751214244,-0.09130866941046195,-0.01900269541778976,True,490,0.7537796976241901,0.7277936962750716,False
ALL,NEXT_SESSION_CLOSE,5,443,300,56,0.05044229436141803,0.03982300884955747,0.01828290290098423,-0.006993006993006978,0.0038917012933466005,0.4672686230248307,-0.15822729316546763,-0.07052219703064433,0.07698437003765712,0.3072536496350362,0.10957564061808422,0.07441860465116279,0.027726599874208224,0.15996989397443173,-0.07248025738959238,-0.06786427145708585,-0.1188608492956319,-0.023679706060293015,False,490,0.7537796976241901,0.7277936962750716,False
ALL,NEXT_SESSION_CLOSE,10,408,280,50,0.05191486785697212,0.04039968470348221,0.02152321445330839,-0.006526173450678352,0.0027717365156058505,0.4681372549019608,-0.232616513264521,-0.09447506654417825,0.09494989834446693,0.4142825311942957,0.16176332221121603,0.10026455026455028,0.04718284807355516,0.22124673247239685,-0.10339865601959913,-0.09338634857521538,-0.15201463230943027,-0.035222697017010446,False,490,0.7537796976241901,0.7277936962750716,False
